Student_ID,University,Department,Semester,Gender,Age,CGPA,Java,Python,DSA,DBMS,OS,CN,Web_Development,SQL,Git,Cloud,AI_ML,Communication,Aptitude,Teamwork,Internship,Certifications,Resume_Score,Coding_Test_Score,Mock_Interview_Score,Curriculum_Coverage,Industry_Skill_Level,Skill_Gap_Score,Placement,Company,Package_LPA,Placement_Probability
S0001,University D,CSE-AI,8,Female,24,8.31,1,3,2,2,2,1,5,1,5,4,1,1,1,2,Yes,4,88,41,80,2.0,2.43,2.57,Yes,Amazon,6.48,0.85
S0002,University A,CSE-DS,8,Female,24,6.72,1,2,4,3,3,2,2,3,1,1,4,1,3,3,No,6,52,86,74,2.57,2.0,3.0,Yes,IBM,11.54,0.78
S0003,University B,CSE-AI,8,Male,23,6.35,1,1,2,3,1,2,1,4,3,4,3,2,3,3,Yes,5,67,84,88,2.0,2.29,2.71,Yes,Microsoft,13.22,0.82
S0004,University C,IT,8,Female,22,7.17,5,2,3,1,2,1,3,4,3,1,2,5,3,2,No,3,91,69,54,2.71,3.0,2.0,Yes,Accenture,7.47,0.92
S0005,University C,CSE-DS,8,Male,22,6.47,2,5,4,1,1,1,2,2,4,5,1,4,4,5,No,4,66,75,100,1.86,3.57,1.43,Yes,Infosys,17.64,0.93
S0006,University C,CSE-AI,8,Male,21,7.41,4,1,3,5,2,5,1,3,5,5,2,2,3,2,Yes,4,70,71,46,3.29,3.14,1.86,Yes,Cognizant,5.18,0.94
S0007,University D,CSE-DS,8,Female,24,9.36,1,1,4,1,5,2,2,4,5,2,3,5,5,4,Yes,4,98,86,89,2.71,3.0,2.0,Yes,Capgemini,6.52,1.0
S0008,University B,CSE-DS,8,Female,21,7.49,2,2,1,3,1,5,5,2,5,2,1,1,1,2,Yes,0,71,44,77,2.71,2.0,3.0,No,,0.0,0.71
S0009,University A,CSE-AI,8,Male,21,7.87,5,5,4,2,4,4,2,1,1,4,3,4,4,4,Yes,5,91,81,51,3.14,3.71,1.29,Yes,Cognizant,4.41,1.0
S0010,University A,CSE-AI,8,Female,20,7.86,2,4,2,3,4,2,1,4,5,1,1,5,1,1,Yes,1,76,71,75,2.57,2.86,2.14,Yes,IBM,6.71,0.93
S0011,University B,CSE,8,Male,21,9.84,3,4,3,4,5,4,2,2,3,2,1,5,5,1,No,0,53,77,75,3.29,3.0,2.0,Yes,Amazon,11.04,1.0
S0012,University D,CSE-AI,8,Female,23,5.8,1,2,4,1,5,2,5,5,1,5,1,4,5,5,No,2,63,82,90,3.29,2.57,2.43,Yes,Capgemini,8.21,0.83
S0013,University A,CSE-DS,8,Male,21,6.89,1,1,4,5,5,1,1,5,2,5,3,2,3,1,Yes,2,68,50,73,3.14,2.57,2.43,Yes,Capgemini,16.01,0.82
S0014,University B,CSE-DS,8,Male,23,6.66,1,5,2,3,3,5,2,3,2,3,5,4,3,1,Yes,5,77,93,62,2.71,3.14,1.86,Yes,Cognizant,4.16,0.95
S0015,University C,CSE-AI,8,Male,20,7.93,4,5,1,1,1,2,5,1,3,5,5,2,4,2,Yes,2,73,97,95,2.14,3.57,1.43,Yes,TCS,18.08,1.0
S0016,University B,CSE-AI,8,Female,22,7.06,5,4,5,2,2,2,2,4,1,2,3,4,2,3,Yes,6,94,46,69,3.14,3.43,1.57,Yes,Deloitte,16.58,1.0
S0017,University A,CSE,8,Female,22,6.84,2,2,1,2,4,3,3,1,3,3,5,4,5,3,Yes,0,66,51,82,2.29,2.86,2.14,Yes,Capgemini,17.94,0.78
S0018,University C,CSE,8,Female,24,8.71,3,4,5,5,1,4,5,2,3,1,4,1,5,5,Yes,2,77,44,87,3.57,3.0,2.0,Yes,Microsoft,17.31,0.94
S0019,University C,IT,8,Female,23,6.86,4,3,4,3,5,2,2,4,4,2,5,5,3,4,Yes,2,68,53,72,3.43,3.86,1.14,Yes,Microsoft,15.29,0.95
S0020,University D,IT,8,Male,23,8.47,5,4,2,1,3,5,5,3,1,2,3,2,2,2,Yes,0,65,70,84,3.43,2.71,2.29,Yes,Infosys,16.25,0.94
S0021,University C,IT,8,Female,24,7.68,2,2,1,1,4,2,2,5,4,1,5,2,1,4,Yes,6,79,82,78,2.43,2.43,2.57,Yes,Microsoft,18.32,0.87
S0022,University B,IT,8,Male,21,7.46,2,4,4,3,2,3,5,4,2,3,4,1,3,2,No,2,70,97,79,3.29,2.86,2.14,Yes,Wipro,4.71,0.89
S0023,University B,IT,8,Male,22,5.78,4,3,5,4,4,1,2,4,4,5,1,5,4,4,Yes,2,69,88,69,3.43,3.86,1.14,Yes,IBM,16.3,1.0
S0024,University C,IT,8,Female,21,7.42,1,4,3,4,2,4,2,5,5,1,4,5,5,1,Yes,5,77,48,100,3.0,3.29,1.71,Yes,TCS,10.43,0.92
S0025,University B,IT,8,Male,24,7.5,3,4,3,4,3,1,4,1,5,1,3,2,1,1,Yes,1,62,93,46,2.71,3.0,2.0,Yes,Accenture,12.82,0.91
S0026,University A,CSE-DS,8,Male,24,9.67,4,3,3,2,5,5,1,2,3,1,5,1,3,5,No,3,95,52,49,3.14,2.86,2.14,Yes,Accenture,12.38,0.92
S0027,University D,IT,8,Female,24,8.94,3,5,4,3,1,5,3,1,4,4,1,4,3,4,Yes,3,61,86,78,2.86,3.57,1.43,Yes,Capgemini,17.98,1.0
S0028,University C,CSE,8,Male,20,6.68,2,1,3,4,2,4,5,5,4,3,1,4,3,2,No,1,72,91,61,3.57,2.57,2.43,Yes,Microsoft,8.61,0.83
S0029,University C,CSE-DS,8,Female,22,6.56,4,4,5,2,4,4,4,1,1,3,2,4,2,3,No,3,85,73,67,3.43,3.29,1.71,Yes,Amazon,9.88,0.96
S0030,University A,CSE-AI,8,Female,20,6.85,2,1,2,3,1,5,2,2,2,4,3,5,5,5,No,0,62,58,59,2.43,2.71,2.29,Yes,Capgemini,8.91,0.78
S0031,University A,CSE,8,Male,21,9.79,5,3,2,4,1,1,5,3,4,4,4,3,2,1,No,6,80,47,97,3.0,3.57,1.43,Yes,Deloitte,4.48,1.0
S0032,University A,CSE-AI,8,Male,22,9.07,3,1,2,1,5,4,5,5,5,2,5,4,4,4,No,6,87,67,64,3.57,3.14,1.86,Yes,TCS,12.03,0.95
S0033,University C,CSE-AI,8,Female,20,8.41,2,2,2,5,1,2,1,4,4,5,4,3,1,2,No,5,68,84,100,2.43,3.14,1.86,Yes,Accenture,10.31,0.94
S0034,University A,IT,8,Female,24,7.9,2,3,2,1,1,2,3,5,5,3,4,1,4,3,No,2,82,74,76,2.29,2.86,2.14,Yes,Microsoft,10.07,0.81
S0035,University C,CSE,8,Male,22,6.6,1,2,5,5,1,3,5,1,2,4,5,4,3,2,No,5,81,45,75,3.0,3.29,1.71,Yes,Cognizant,8.72,0.85
S0036,University D,CSE,8,Male,22,7.31,4,3,4,5,1,4,1,3,3,3,1,4,5,1,No,3,53,52,78,3.14,3.14,1.86,Yes,Deloitte,8.93,0.9
S0037,University D,CSE-DS,8,Female,23,7.92,3,4,4,1,1,5,2,2,3,5,1,5,4,1,Yes,6,57,69,52,2.57,3.57,1.43,Yes,Wipro,13.22,1.0
S0038,University D,CSE-AI,8,Female,24,9.17,4,2,4,5,2,4,2,5,5,2,1,3,4,3,No,6,50,58,91,3.71,3.0,2.0,Yes,Microsoft,7.98,0.97
S0039,University D,CSE,8,Male,24,7.63,3,5,5,4,4,3,2,2,5,4,2,4,1,3,No,5,74,64,87,3.29,4.0,1.0,Yes,Wipro,15.39,1.0
S0040,University D,CSE-DS,8,Female,24,9.75,3,1,4,1,5,4,1,2,4,2,1,4,3,3,No,5,55,94,66,2.86,2.71,2.29,Yes,Amazon,16.29,1.0
S0041,University B,CSE-AI,8,Female,24,5.66,1,2,3,2,1,4,1,1,4,2,3,1,1,3,Yes,2,72,63,72,1.86,2.29,2.71,No,,0.0,0.71
S0042,University B,CSE,8,Female,22,8.5,2,2,2,1,5,4,5,2,4,5,2,2,4,3,No,2,92,40,96,3.0,2.71,2.29,Yes,Capgemini,10.48,0.83
S0043,University A,CSE,8,Female,22,9.85,3,4,3,4,3,2,4,4,1,2,4,5,3,5,No,5,68,41,98,3.29,3.14,1.86,Yes,Capgemini,13.37,1.0
S0044,University B,CSE-AI,8,Male,24,8.91,2,5,3,2,2,5,3,2,1,1,3,4,1,5,No,5,58,45,63,2.71,2.71,2.29,Yes,IBM,8.4,0.92
S0045,University C,CSE,8,Female,22,9.36,3,5,5,3,2,3,4,3,3,1,4,1,2,2,No,6,85,63,50,3.29,3.14,1.86,Yes,TCS,15.36,1.0
S0046,University A,CSE-DS,8,Female,20,8.46,3,5,4,3,1,2,4,1,5,5,3,5,2,1,No,5,69,81,71,2.57,4.29,0.71,Yes,TCS,5.25,1.0
S0047,University C,CSE,8,Female,24,5.93,5,2,4,4,3,5,4,5,2,4,1,4,5,4,No,0,94,63,58,4.29,3.14,1.86,Yes,Accenture,10.15,0.87
S0048,University B,CSE-AI,8,Male,22,9.47,3,1,4,3,2,1,4,1,2,5,1,1,3,2,Yes,6,86,53,49,2.57,2.43,2.57,Yes,Amazon,15.95,1.0
S0049,University A,CSE,8,Female,23,8.91,5,1,3,2,2,5,3,2,1,1,2,1,3,2,No,0,61,56,48,3.14,2.0,3.0,Yes,IBM,5.4,0.82
S0050,University A,CSE,8,Female,24,8.92,5,5,1,4,5,2,5,1,5,3,4,1,1,4,No,3,93,46,76,3.29,3.43,1.57,Yes,Deloitte,14.19,0.9
S0051,University B,IT,8,Female,21,6.15,2,3,5,5,5,3,4,5,5,3,4,5,5,4,Yes,6,94,47,99,4.14,3.86,1.14,Yes,Amazon,13.32,0.96
S0052,University A,CSE-DS,8,Male,23,7.32,4,4,4,1,3,4,3,3,3,2,4,1,1,1,Yes,3,56,87,92,3.14,3.14,1.86,Yes,Wipro,9.09,0.95
S0053,University B,IT,8,Male,24,7.06,4,1,3,5,3,3,1,5,5,2,2,4,2,1,No,6,85,63,52,3.43,3.0,2.0,Yes,Microsoft,14.94,0.89
S0054,University C,CSE-AI,8,Female,22,9.59,3,1,2,3,3,3,3,1,2,2,5,4,1,2,Yes,0,97,73,58,2.57,2.71,2.29,Yes,Deloitte,9.14,0.99
S0055,University D,CSE,8,Female,24,8.68,5,5,1,1,2,2,5,1,1,3,4,4,4,5,No,3,67,53,93,2.43,3.29,1.71,Yes,Cognizant,11.19,0.95
S0056,University B,CSE-DS,8,Male,23,7.64,3,1,2,4,5,1,1,2,3,2,2,3,3,3,Yes,0,81,87,72,2.57,2.29,2.71,Yes,IBM,6.14,0.89
S0057,University A,IT,8,Male,21,9.29,1,4,1,4,1,3,5,4,5,4,4,3,1,4,Yes,2,60,91,84,2.71,3.14,1.86,Yes,Cognizant,10.4,0.99
S0058,University B,CSE,8,Male,22,7.42,4,5,1,4,3,3,2,3,2,1,5,1,5,5,Yes,6,72,62,91,2.86,2.71,2.29,Yes,Wipro,17.87,0.87
S0059,University A,CSE-DS,8,Male,22,6.37,5,2,1,2,4,4,5,5,4,5,5,3,3,2,No,0,80,68,85,3.71,3.57,1.43,Yes,Capgemini,8.04,0.8
S0060,University B,CSE,8,Female,20,7.53,1,1,3,3,1,1,5,5,5,4,4,5,5,1,No,6,86,81,57,2.71,3.29,1.71,Yes,Deloitte,8.32,0.94
S0061,University C,CSE,8,Female,20,9.07,3,1,5,2,1,2,4,4,5,5,5,2,3,3,No,3,76,89,66,3.0,3.71,1.29,Yes,TCS,13.68,1.0
S0062,University A,IT,8,Female,20,7.96,4,3,3,5,2,3,1,5,2,3,3,4,2,5,Yes,2,85,64,86,3.29,3.14,1.86,Yes,Wipro,15.37,1.0
S0063,University D,CSE-AI,8,Male,21,7.1,2,2,3,4,2,2,2,2,1,3,1,5,5,5,Yes,5,71,96,94,2.43,2.43,2.57,Yes,Microsoft,12.77,1.0
S0064,University D,IT,8,Female,23,9.16,5,2,4,1,4,3,2,4,5,3,4,2,5,2,No,6,100,70,98,3.29,3.57,1.43,Yes,Microsoft,6.41,1.0
S0065,University D,CSE,8,Male,23,7.71,4,2,2,5,2,3,1,4,3,5,1,5,1,3,Yes,6,60,57,73,3.0,3.14,1.86,Yes,Wipro,17.08,1.0
S0066,University B,IT,8,Female,24,9.39,1,4,1,4,5,3,2,4,1,3,2,1,3,1,No,6,59,48,47,2.86,1.86,3.14,Yes,Deloitte,7.8,0.83
S0067,University D,CSE,8,Male,23,5.52,1,1,3,2,2,5,5,5,4,1,3,2,3,1,Yes,1,76,80,95,3.29,2.14,2.86,No,,0.0,0.72
S0068,University A,IT,8,Female,20,8.13,1,5,5,2,2,3,4,1,5,3,2,5,4,2,Yes,4,73,44,78,2.57,3.71,1.29,Yes,Amazon,11.66,1.0
S0069,University D,CSE-AI,8,Male,20,8.3,3,3,1,3,1,3,2,1,5,3,2,1,3,5,No,6,91,51,98,2.0,2.57,2.43,Yes,Deloitte,15.19,0.83
S0070,University C,CSE-DS,8,Male,22,8.65,4,1,3,2,1,2,1,3,3,5,4,5,4,3,Yes,6,91,52,63,2.29,3.57,1.43,Yes,TCS,8.85,1.0
S0071,University C,IT,8,Female,21,7.42,4,4,4,3,2,4,4,3,5,3,1,4,1,4,Yes,4,68,60,51,3.43,3.57,1.43,Yes,Capgemini,4.7,1.0
S0072,University A,CSE-AI,8,Female,22,8.53,3,4,1,3,5,4,3,1,1,4,3,5,2,1,Yes,6,88,83,95,2.86,3.0,2.0,Yes,Wipro,10.07,1.0
S0073,University D,IT,8,Male,22,7.18,5,1,5,2,4,3,3,4,1,5,2,5,3,4,No,5,67,55,52,3.71,3.43,1.57,Yes,Wipro,3.89,1.0
S0074,University B,CSE-AI,8,Female,24,8.91,4,2,5,3,4,2,1,2,1,4,2,4,1,3,No,5,54,75,79,3.0,3.14,1.86,Yes,Capgemini,7.86,1.0
S0075,University D,CSE,8,Male,22,6.49,2,2,2,4,1,3,5,5,3,4,5,2,5,1,Yes,2,75,85,91,3.14,2.86,2.14,Yes,IBM,10.68,0.84
S0076,University C,CSE-DS,8,Male,22,8.33,4,4,5,3,2,5,5,2,2,4,5,1,1,5,Yes,2,60,50,65,3.71,3.57,1.43,Yes,Accenture,17.52,0.98
S0077,University A,CSE-DS,8,Male,24,6.36,5,3,2,3,5,5,1,5,2,5,5,2,2,5,No,6,86,42,97,3.71,3.43,1.57,Yes,Infosys,16.46,0.84
S0078,University C,CSE-DS,8,Female,21,7.33,1,4,5,3,3,4,2,4,3,4,1,1,2,4,No,3,79,53,66,3.14,2.71,2.29,Yes,Cognizant,12.6,0.84
S0079,University C,CSE-DS,8,Male,21,8.85,5,5,1,3,2,4,1,3,4,2,2,1,1,3,No,6,89,66,60,2.71,2.86,2.14,Yes,Wipro,17.94,0.94
S0080,University C,CSE,8,Male,23,7.69,5,4,4,3,4,1,1,4,5,4,2,2,5,3,Yes,0,68,71,83,3.14,3.71,1.29,Yes,Deloitte,16.74,0.99
S0081,University A,CSE-AI,8,Male,23,6.09,3,3,4,3,1,4,1,5,5,2,3,5,3,1,No,4,78,88,80,3.0,3.57,1.43,Yes,Microsoft,7.7,0.92
S0082,University C,CSE-DS,8,Male,23,7.14,3,5,3,2,2,5,5,4,5,1,1,1,2,3,No,4,79,49,83,3.43,2.71,2.29,Yes,Wipro,16.9,0.79
S0083,University D,CSE-DS,8,Male,20,9.86,3,5,3,5,5,5,4,5,3,4,1,3,3,1,No,4,69,90,91,4.29,3.14,1.86,Yes,TCS,16.58,1.0
S0084,University D,CSE,8,Male,24,8.07,2,5,5,4,2,2,1,5,1,2,1,4,3,4,Yes,3,94,53,71,3.0,2.86,2.14,Yes,Microsoft,11.03,1.0
S0085,University C,CSE-AI,8,Female,22,6.41,3,4,5,4,3,2,4,5,3,5,3,3,5,4,Yes,1,67,75,64,3.71,3.71,1.29,Yes,Capgemini,6.87,0.97
S0086,University C,CSE-DS,8,Male,20,7.61,5,3,3,1,5,5,4,4,3,2,3,1,3,1,No,3,91,56,92,3.86,2.86,2.14,Yes,Accenture,10.69,0.85
S0087,University D,CSE-AI,8,Female,22,8.21,5,2,2,1,5,2,2,1,1,4,3,4,1,2,Yes,4,60,66,86,2.57,3.0,2.0,Yes,Deloitte,17.53,1.0
S0088,University C,IT,8,Female,21,6.76,1,1,5,2,5,1,2,4,2,1,4,4,2,3,Yes,0,69,76,83,2.86,2.57,2.43,Yes,Cognizant,5.11,0.86
S0089,University C,CSE,8,Female,20,9.24,4,3,2,1,3,2,4,3,2,1,3,3,5,2,Yes,4,90,97,70,2.71,2.57,2.43,Yes,Amazon,15.9,1.0
S0090,University D,CSE-DS,8,Male,23,6.31,2,4,3,2,1,3,4,2,4,3,3,3,5,5,Yes,2,91,63,89,2.43,3.14,1.86,Yes,Infosys,7.04,0.87
S0091,University A,IT,8,Female,20,8.52,3,1,3,3,5,2,2,2,4,2,4,5,3,4,No,6,84,91,87,2.86,3.14,1.86,Yes,Accenture,15.88,1.0
S0092,University D,IT,8,Male,24,9.54,1,1,5,5,2,5,5,2,2,3,5,4,1,2,No,0,82,68,96,3.57,3.0,2.0,Yes,Wipro,4.33,0.96
S0093,University D,CSE-DS,8,Female,23,7.53,3,1,4,3,1,2,5,1,1,4,3,1,5,1,Yes,3,52,58,71,2.71,2.43,2.57,Yes,Wipro,6.2,0.87
S0094,University D,CSE-AI,8,Male,23,9.33,4,4,1,5,2,3,1,2,5,4,5,2,2,1,Yes,2,79,83,91,2.57,3.57,1.43,Yes,Amazon,11.67,1.0
S0095,University B,CSE,8,Male,24,7.02,3,2,1,1,4,5,1,2,2,1,1,5,1,4,Yes,1,97,42,70,2.43,2.14,2.86,Yes,Amazon,10.08,0.82
S0096,University D,CSE,8,Female,23,9.87,2,5,3,5,5,3,2,3,2,5,2,4,3,3,Yes,4,87,96,92,3.29,3.29,1.71,Yes,IBM,17.17,1.0
S0097,University B,CSE-DS,8,Male,22,8.96,3,4,4,2,3,4,2,5,4,2,2,3,2,4,Yes,4,76,66,80,3.29,3.14,1.86,Yes,IBM,11.45,1.0
S0098,University B,CSE-AI,8,Male,23,8.35,4,3,1,5,2,1,3,4,5,5,1,1,2,5,Yes,3,63,95,66,2.86,2.86,2.14,Yes,TCS,8.05,0.97
S0099,University B,CSE-DS,8,Female,23,9.52,5,2,4,2,5,3,3,4,4,5,3,3,3,3,No,3,56,91,91,3.71,3.71,1.29,Yes,Cognizant,10.54,1.0
S0100,University D,IT,8,Male,22,5.7,2,2,1,3,5,5,5,4,3,2,2,3,2,4,Yes,3,85,81,88,3.57,2.14,2.86,Yes,Deloitte,8.56,0.78
S0101,University D,IT,8,Male,20,6.24,5,4,2,5,1,5,1,1,1,1,4,2,2,1,Yes,0,63,72,74,2.86,2.71,2.29,Yes,Microsoft,9.1,0.82
S0102,University C,IT,8,Male,22,7.84,4,1,1,5,3,5,3,1,5,4,2,1,1,5,Yes,1,62,79,78,3.14,2.57,2.43,Yes,Cognizant,7.29,0.85
S0103,University A,CSE,8,Male,21,9.72,4,5,2,2,3,1,1,1,4,4,4,5,4,1,Yes,5,60,45,76,2.0,4.0,1.0,Yes,Cognizant,16.18,1.0
S0104,University B,CSE-AI,8,Female,24,9.47,5,4,3,1,1,3,5,5,1,2,3,1,2,5,Yes,6,95,92,70,3.29,2.71,2.29,Yes,Capgemini,17.43,1.0
S0105,University B,CSE-DS,8,Female,23,6.96,2,1,5,3,1,1,4,2,1,3,5,5,5,4,No,0,90,57,95,2.57,3.14,1.86,Yes,Deloitte,18.39,0.87
S0106,University D,CSE-DS,8,Female,20,6.32,5,4,1,5,3,2,1,1,3,2,4,2,4,3,No,0,55,40,64,2.57,3.0,2.0,No,,0.0,0.69
S0107,University B,CSE-AI,8,Female,21,6.08,2,4,4,5,5,5,4,1,1,1,3,5,1,5,No,6,74,40,63,3.71,2.86,2.14,Yes,Infosys,9.71,0.83
S0108,University A,CSE-AI,8,Female,20,6.11,3,3,4,2,1,2,4,3,4,3,4,1,3,3,Yes,5,90,71,83,2.71,3.14,1.86,Yes,Deloitte,12.75,0.88
S0109,University B,CSE-DS,8,Female,22,9.67,3,5,4,3,4,3,4,5,2,3,3,5,2,4,No,1,75,60,63,3.71,3.57,1.43,Yes,Deloitte,14.52,1.0
S0110,University C,CSE-AI,8,Female,21,9.09,4,3,1,5,2,5,5,2,5,1,4,2,4,3,Yes,6,100,90,71,3.43,2.86,2.14,Yes,Wipro,13.59,1.0
S0111,University A,IT,8,Female,23,8.65,4,1,4,5,4,5,4,5,5,4,5,1,3,5,Yes,0,99,55,87,4.43,3.43,1.57,Yes,Wipro,13.47,0.94
S0112,University A,CSE-AI,8,Female,22,5.97,1,3,2,5,5,5,5,5,2,4,3,4,4,5,Yes,2,51,70,51,4.0,2.71,2.29,Yes,Infosys,7.93,0.81
S0113,University B,CSE-AI,8,Female,24,7.01,2,5,4,3,4,1,4,4,3,1,3,1,1,1,No,5,56,83,96,3.14,2.71,2.29,Yes,Accenture,5.97,0.84
S0114,University A,CSE-AI,8,Female,22,7.38,4,2,4,2,2,4,4,1,5,2,4,5,4,4,Yes,5,63,53,62,3.0,3.71,1.29,Yes,Infosys,14.78,0.98
S0115,University A,CSE-AI,8,Female,20,6.37,1,3,4,5,3,5,4,5,4,5,1,3,3,4,Yes,6,93,85,96,3.86,3.0,2.0,Yes,Microsoft,7.96,0.97
S0116,University D,CSE,8,Female,20,6.55,1,2,3,2,5,4,4,5,2,5,4,4,2,4,Yes,4,60,71,63,3.43,3.0,2.0,Yes,Cognizant,5.6,0.9
S0117,University D,IT,8,Male,24,7.63,2,4,5,5,4,4,4,4,4,4,2,1,5,1,Yes,2,52,57,59,4.0,3.14,1.86,Yes,Wipro,11.56,0.91
S0118,University B,CSE-DS,8,Female,21,6.0,5,3,5,1,4,5,2,4,1,2,3,1,4,3,No,6,55,68,100,3.71,2.86,2.14,Yes,Accenture,18.41,0.85
S0119,University D,CSE,8,Female,21,8.21,2,2,1,5,3,5,3,5,5,2,3,3,3,5,No,6,82,97,88,3.43,2.57,2.43,Yes,Wipro,15.73,0.9
S0120,University D,IT,8,Female,24,8.59,2,2,2,3,2,4,4,2,5,3,4,4,4,1,Yes,3,82,87,62,2.71,3.14,1.86,Yes,Cognizant,13.92,1.0
S0121,University A,CSE,8,Female,20,5.51,1,4,3,1,5,4,2,4,2,4,3,3,3,3,Yes,4,81,90,66,2.86,2.86,2.14,Yes,TCS,16.91,0.88
S0122,University B,IT,8,Male,20,6.05,2,4,4,1,4,2,2,3,2,3,1,3,3,1,No,5,91,50,48,2.57,2.71,2.29,Yes,Capgemini,9.45,0.83
S0123,University C,CSE-DS,8,Female,21,5.5,4,1,2,5,2,5,4,1,1,3,1,4,2,4,Yes,1,74,45,91,3.29,2.29,2.71,Yes,Infosys,15.59,0.77
S0124,University D,CSE-DS,8,Female,22,7.18,2,2,1,5,5,1,5,2,4,3,2,2,4,5,No,6,63,45,51,3.0,2.29,2.71,Yes,Infosys,5.6,0.73
S0125,University D,IT,8,Male,21,8.98,2,3,1,2,5,5,5,5,3,1,3,2,5,5,Yes,5,75,58,86,3.57,2.14,2.86,Yes,Accenture,4.32,0.89
S0126,University A,IT,8,Female,24,7.7,5,1,5,1,3,3,2,4,5,4,3,5,2,4,Yes,0,87,44,45,3.29,4.0,1.0,Yes,TCS,7.43,1.0
S0127,University C,IT,8,Male,20,8.88,4,4,1,5,5,5,2,3,1,3,1,5,2,2,No,3,87,80,93,3.57,2.71,2.29,Yes,Infosys,16.02,1.0
S0128,University C,CSE-AI,8,Female,20,6.58,4,1,4,5,5,1,3,2,1,1,2,1,2,4,No,4,83,90,97,3.43,2.0,3.0,Yes,Wipro,14.31,0.82
S0129,University A,CSE-AI,8,Male,20,8.89,1,3,4,3,5,1,3,5,1,4,4,5,3,1,No,6,86,50,68,3.14,3.14,1.86,Yes,Infosys,5.86,1.0
S0130,University A,CSE,8,Male,21,9.28,1,2,1,4,3,4,2,2,1,5,4,2,3,2,No,5,70,57,97,2.43,2.29,2.71,Yes,Cognizant,4.67,0.87
S0131,University B,CSE-AI,8,Male,20,9.04,1,4,1,4,3,3,3,1,5,4,1,3,2,3,No,5,89,55,74,2.29,2.71,2.29,Yes,Deloitte,9.02,0.9
S0132,University D,CSE-DS,8,Female,20,9.6,1,2,5,3,1,3,1,4,3,1,2,5,2,4,No,0,59,85,62,2.57,2.71,2.29,Yes,Accenture,4.9,0.99
S0133,University B,CSE,8,Male,20,8.06,5,2,4,1,5,5,1,4,2,2,3,3,3,4,No,2,78,57,59,3.57,3.0,2.0,Yes,Accenture,4.62,0.92
S0134,University B,CSE,8,Male,22,6.22,4,3,4,1,5,3,2,4,3,4,3,1,1,2,No,6,95,84,83,3.29,3.14,1.86,Yes,Cognizant,4.1,0.9
S0135,University B,IT,8,Female,20,7.24,1,3,3,2,1,4,4,5,5,2,1,4,1,2,Yes,0,53,93,94,2.86,2.71,2.29,Yes,Wipro,18.24,0.89
S0136,University B,CSE-DS,8,Male,21,8.06,3,1,1,1,2,4,2,1,3,1,1,4,1,2,No,6,96,65,76,2.0,2.0,3.0,Yes,IBM,3.94,0.86
S0137,University B,CSE,8,Female,22,6.71,4,2,1,5,5,5,2,3,4,4,5,4,1,1,No,3,58,66,57,3.57,3.43,1.57,Yes,Amazon,13.14,0.82
S0138,University B,CSE,8,Male,21,7.61,4,3,5,5,3,4,3,2,1,3,5,2,1,3,Yes,6,80,73,67,3.71,3.29,1.71,Yes,Accenture,15.0,1.0
S0139,University C,CSE-AI,8,Female,20,6.67,1,2,5,4,3,2,2,2,5,3,3,5,1,3,Yes,4,62,93,96,2.71,3.43,1.57,Yes,Deloitte,16.72,0.99
S0140,University C,CSE,8,Female,23,5.9,2,5,2,1,5,4,1,3,5,2,2,3,2,3,Yes,0,59,77,90,2.57,3.0,2.0,Yes,Infosys,17.26,0.8
S0141,University A,IT,8,Male,21,8.08,3,3,3,2,2,4,4,3,2,5,5,3,2,5,Yes,3,69,86,89,3.0,3.43,1.57,Yes,Wipro,7.92,1.0
S0142,University C,CSE,8,Male,20,8.15,5,2,5,1,4,2,3,1,2,3,3,2,1,3,No,0,66,53,60,3.0,3.14,1.86,Yes,Cognizant,13.9,0.9
S0143,University A,CSE-DS,8,Male,23,7.2,4,2,4,4,4,3,5,4,1,4,5,2,2,4,Yes,6,52,58,46,4.0,3.14,1.86,Yes,Infosys,8.28,0.94
S0144,University C,CSE-DS,8,Female,21,6.21,1,5,1,3,5,5,4,1,4,2,5,4,2,1,Yes,2,63,52,71,2.86,3.14,1.86,Yes,Amazon,13.96,0.78
S0145,University D,CSE,8,Female,23,5.92,4,5,5,4,2,1,3,1,4,1,3,5,4,2,Yes,0,63,50,85,2.86,3.86,1.14,Yes,Infosys,7.88,0.91
S0146,University A,CSE-DS,8,Female,24,7.57,3,1,5,4,2,3,4,3,2,4,1,3,4,4,No,1,67,76,48,3.43,2.71,2.29,Yes,Infosys,5.77,0.91
S0147,University B,CSE-AI,8,Male,20,6.5,1,4,5,4,5,4,5,2,4,3,1,4,1,5,Yes,0,98,68,56,3.71,3.14,1.86,Yes,Wipro,17.74,0.93
S0148,University D,CSE,8,Female,21,7.36,4,2,2,5,3,3,1,1,4,5,4,5,3,3,No,6,50,90,89,2.71,3.71,1.29,Yes,Amazon,12.85,0.98
S0149,University D,CSE,8,Female,22,6.15,5,5,1,1,5,1,3,5,3,4,3,4,4,5,No,0,61,57,70,3.0,3.57,1.43,Yes,Microsoft,5.66,0.81
S0150,University B,IT,8,Male,23,8.54,1,4,3,3,1,3,3,3,3,4,1,2,2,3,No,6,70,57,91,2.43,2.57,2.43,Yes,Infosys,9.75,0.9
S0151,University A,CSE-DS,8,Male,22,8.76,5,3,1,5,2,1,3,5,4,2,5,5,1,2,Yes,6,62,93,48,3.14,3.57,1.43,Yes,Deloitte,7.24,1.0
S0152,University C,CSE,8,Female,20,7.12,4,5,4,1,1,2,3,4,5,4,2,4,5,5,No,2,60,93,61,2.71,4.0,1.0,Yes,Infosys,14.73,1.0
S0153,University D,IT,8,Female,23,6.22,5,2,2,2,2,3,4,5,1,1,4,2,2,5,Yes,1,66,78,96,3.29,2.43,2.57,Yes,Capgemini,17.65,0.81
S0154,University C,CSE-DS,8,Female,22,6.61,4,3,5,5,4,5,1,1,5,3,5,5,5,3,No,5,56,70,49,3.57,4.29,0.71,Yes,Capgemini,8.54,0.97
S0155,University D,CSE-DS,8,Female,21,6.33,5,2,1,5,4,3,2,1,4,3,3,4,4,4,Yes,4,95,76,97,3.0,3.14,1.86,Yes,Accenture,6.35,0.92
S0156,University C,IT,8,Male,23,9.2,5,2,3,1,4,2,3,5,2,3,1,2,3,2,No,3,100,96,66,3.29,2.57,2.43,Yes,Microsoft,9.08,1.0
S0157,University B,CSE-DS,8,Male,20,5.74,5,5,5,1,4,2,5,1,4,5,3,4,1,2,Yes,1,71,66,81,3.29,4.43,0.57,Yes,Deloitte,16.89,1.0
S0158,University A,CSE,8,Male,22,7.65,2,3,1,1,4,3,2,2,5,2,4,1,2,5,No,5,77,65,72,2.14,2.57,2.43,Yes,IBM,17.98,0.77
S0159,University D,CSE-DS,8,Female,21,9.68,3,5,2,1,1,2,2,3,3,2,1,4,5,5,No,1,54,92,47,2.0,2.86,2.14,Yes,Capgemini,7.97,1.0
S0160,University A,CSE,8,Male,20,7.01,4,3,2,2,4,1,2,2,2,2,1,5,5,2,Yes,2,95,81,95,2.43,2.71,2.29,Yes,Capgemini,4.06,0.97
S0161,University A,CSE-DS,8,Male,20,5.71,1,4,4,4,1,5,3,4,2,2,1,3,4,1,No,4,88,84,53,3.14,2.43,2.57,Yes,Infosys,9.78,0.82
S0162,University D,CSE-AI,8,Male,24,7.69,5,2,3,5,2,3,4,3,2,1,5,4,2,4,No,1,50,40,87,3.57,3.14,1.86,Yes,Infosys,4.84,0.82
S0163,University A,CSE,8,Male,21,5.83,1,3,2,4,3,3,4,1,1,2,1,3,3,3,No,5,57,46,99,2.57,1.86,3.14,No,,0.0,0.68
S0164,University B,CSE,8,Female,24,6.95,4,5,3,1,3,3,2,1,4,4,4,3,4,4,No,5,60,47,53,2.43,3.86,1.14,Yes,TCS,13.94,0.89
S0165,University B,CSE-DS,8,Male,23,7.62,5,4,2,5,4,3,5,1,2,4,4,1,4,4,Yes,0,66,81,65,3.57,3.14,1.86,Yes,Amazon,3.69,0.93
S0166,University A,CSE-AI,8,Female,23,8.41,2,4,3,4,2,5,5,1,1,2,5,4,4,2,Yes,6,81,60,60,3.14,3.0,2.0,Yes,Capgemini,8.46,1.0
S0167,University C,CSE-AI,8,Female,22,9.1,1,4,4,5,4,1,4,4,3,1,4,1,1,4,No,0,85,75,45,3.29,2.57,2.43,Yes,Microsoft,15.89,0.87
S0168,University A,CSE,8,Male,23,7.1,1,2,4,3,5,5,5,4,3,4,1,1,2,1,No,2,90,91,63,3.86,2.29,2.71,Yes,Cognizant,11.72,0.84
S0169,University D,CSE-AI,8,Female,20,6.12,4,1,3,5,2,2,1,4,2,4,2,3,1,4,Yes,5,93,77,52,3.0,2.71,2.29,Yes,Deloitte,15.08,0.93
S0170,University C,IT,8,Female,22,7.83,1,5,4,5,4,5,2,5,2,2,1,4,5,5,No,4,74,66,83,3.71,2.71,2.29,Yes,Accenture,17.24,0.93
S0171,University C,CSE,8,Female,24,7.49,2,2,4,5,5,3,5,3,5,2,2,2,5,3,No,5,58,85,86,3.86,2.71,2.29,Yes,Wipro,18.13,0.87
S0172,University A,CSE-DS,8,Male,24,7.61,5,4,5,3,4,1,5,1,1,4,2,1,1,2,No,6,100,50,63,3.43,3.14,1.86,Yes,Wipro,13.75,0.97
S0173,University D,CSE-AI,8,Female,24,5.64,4,1,5,5,2,5,4,2,5,3,1,4,4,4,No,4,53,40,92,3.86,3.29,1.71,Yes,Microsoft,7.27,0.8
S0174,University A,CSE-DS,8,Female,21,7.91,5,2,2,3,4,2,1,2,2,5,1,4,1,4,No,4,66,48,55,2.71,3.0,2.0,Yes,Capgemini,12.26,0.92
S0175,University A,CSE-DS,8,Male,21,5.68,3,5,1,5,3,4,5,5,3,1,3,5,2,2,Yes,6,82,50,71,3.71,3.0,2.0,Yes,IBM,11.65,0.85
S0176,University D,CSE-DS,8,Female,20,8.42,3,3,3,2,5,5,4,5,1,1,3,4,2,5,Yes,0,93,96,65,3.86,2.57,2.43,Yes,Infosys,9.22,1.0
S0177,University D,CSE,8,Male,24,9.51,3,5,5,4,4,1,3,2,3,5,1,1,2,5,Yes,5,54,53,87,3.14,3.29,1.71,Yes,Accenture,12.94,1.0
S0178,University C,CSE,8,Female,20,9.15,4,1,2,1,4,3,1,1,1,1,2,3,5,1,Yes,2,76,64,73,2.29,2.0,3.0,Yes,IBM,12.95,0.94
S0179,University B,IT,8,Female,21,7.85,5,1,5,1,1,3,5,1,3,3,5,1,3,4,No,3,92,41,75,3.0,3.29,1.71,Yes,Accenture,5.84,0.87
S0180,University B,CSE-AI,8,Male,21,6.81,3,1,5,5,2,1,1,1,5,5,4,5,5,1,No,1,97,87,91,2.57,4.0,1.0,Yes,IBM,8.66,0.98
S0181,University A,CSE-DS,8,Male,21,8.21,3,2,1,2,5,1,5,4,5,1,3,1,3,1,Yes,5,87,71,66,3.0,2.29,2.71,Yes,Accenture,8.86,0.87
S0182,University C,CSE-AI,8,Female,23,6.9,4,3,5,3,5,2,5,5,3,3,4,2,1,3,Yes,6,64,85,92,4.14,3.43,1.57,Yes,Capgemini,13.11,1.0
S0183,University D,CSE-AI,8,Male,24,7.54,3,3,4,5,1,2,5,1,3,2,5,2,3,1,Yes,0,82,80,46,3.0,3.14,1.86,Yes,Microsoft,15.69,0.92
S0184,University B,CSE-AI,8,Female,21,6.65,5,4,2,3,4,2,5,3,2,4,5,5,1,4,No,4,50,82,60,3.43,3.86,1.14,Yes,Microsoft,16.22,0.95
S0185,University C,CSE,8,Female,22,6.29,5,2,4,3,1,2,4,2,1,3,3,2,1,2,No,3,80,98,74,3.0,2.86,2.14,Yes,TCS,16.72,0.9
S0186,University D,CSE-AI,8,Male,20,8.05,5,2,4,4,3,5,1,5,3,4,2,5,4,3,No,3,100,70,83,3.86,3.57,1.43,Yes,Wipro,3.6,1.0
S0187,University B,CSE,8,Male,24,7.76,3,2,2,2,2,3,5,1,2,4,3,1,4,4,No,1,87,50,86,2.57,2.43,2.57,Yes,TCS,16.0,0.78
S0188,University B,CSE-AI,8,Female,24,8.11,2,5,1,5,2,1,2,3,2,5,4,5,5,1,No,0,63,68,83,2.29,3.43,1.57,Yes,Deloitte,18.39,0.91
S0189,University D,CSE-AI,8,Male,21,6.13,5,2,5,5,3,2,3,4,5,5,1,2,4,4,Yes,0,51,52,78,3.86,3.57,1.43,Yes,Amazon,16.39,0.88
S0190,University D,CSE-DS,8,Male,23,7.59,5,5,1,5,5,1,1,4,2,5,5,1,4,5,No,2,52,84,78,3.14,3.43,1.57,Yes,Deloitte,9.93,0.89
S0191,University C,CSE,8,Male,23,6.09,4,2,1,3,5,5,4,3,2,1,1,5,5,1,Yes,3,91,53,89,3.57,2.29,2.71,Yes,IBM,15.56,0.83
S0192,University C,IT,8,Male,20,8.37,3,3,5,4,5,3,5,3,4,2,4,5,5,4,Yes,2,85,75,75,4.0,3.71,1.29,Yes,Capgemini,7.31,1.0
S0193,University C,CSE,8,Male,23,8.79,4,2,1,2,5,4,3,5,5,1,2,4,1,1,Yes,3,88,67,50,3.43,2.71,2.29,Yes,Accenture,4.46,0.96
S0194,University B,CSE,8,Female,21,9.6,4,5,5,3,5,1,2,4,4,1,2,5,3,2,Yes,6,88,72,78,3.43,3.71,1.29,Yes,Microsoft,13.98,1.0
S0195,University B,CSE-AI,8,Female,23,8.38,2,1,3,4,3,4,4,5,2,5,1,1,1,5,No,5,85,98,82,3.57,2.14,2.86,Yes,Capgemini,8.72,0.93
S0196,University C,IT,8,Female,24,8.03,3,2,4,5,1,5,1,5,3,3,1,5,3,5,No,5,78,64,81,3.43,3.0,2.0,Yes,Accenture,10.75,0.98
S0197,University A,CSE-AI,8,Female,22,9.29,4,1,3,1,4,2,2,3,4,3,5,5,1,3,Yes,2,55,65,88,2.71,3.57,1.43,Yes,Cognizant,14.73,1.0
S0198,University A,CSE,8,Female,22,7.06,5,3,2,2,4,2,2,2,3,2,2,2,2,5,No,1,99,46,52,2.71,2.71,2.29,Yes,Deloitte,17.3,0.79
S0199,University D,CSE,8,Female,22,8.23,4,5,3,4,2,5,3,4,2,5,2,1,5,4,No,4,52,72,67,3.57,3.14,1.86,Yes,Wipro,9.41,0.95
S0200,University D,CSE-DS,8,Female,23,8.53,1,2,4,5,1,3,3,5,3,2,5,3,2,3,No,4,71,63,56,3.14,2.86,2.14,Yes,Accenture,10.98,0.89
S0201,University C,IT,8,Female,22,6.73,2,5,2,5,2,1,3,2,5,4,4,2,2,2,No,6,50,51,71,2.43,3.43,1.57,Yes,Amazon,10.99,0.8
S0202,University D,CSE,8,Female,24,7.97,5,1,4,1,2,1,2,3,4,1,4,3,3,3,No,4,85,99,96,2.57,3.14,1.86,Yes,TCS,7.37,0.98
S0203,University D,CSE,8,Male,21,6.38,5,5,2,3,3,3,5,4,4,1,4,5,3,4,Yes,6,60,80,96,3.57,3.71,1.29,Yes,IBM,17.43,0.99
S0204,University A,CSE-AI,8,Male,23,7.01,3,3,3,3,5,4,3,4,3,5,5,4,4,2,Yes,6,51,48,91,3.57,3.71,1.29,Yes,Capgemini,7.02,0.95
S0205,University B,CSE-AI,8,Male,20,5.95,1,4,5,1,1,4,5,1,1,3,5,2,1,4,No,1,65,87,63,2.57,3.0,2.0,Yes,Wipro,10.15,0.81
S0206,University D,CSE-AI,8,Male,23,8.42,3,4,4,5,3,5,4,2,5,2,5,5,4,5,No,4,90,80,79,3.71,4.0,1.0,Yes,Cognizant,8.14,1.0
S0207,University B,CSE,8,Female,21,6.85,4,3,2,3,1,1,5,2,3,3,4,5,1,4,No,2,50,89,72,2.57,3.43,1.57,Yes,Microsoft,15.47,0.9
S0208,University B,CSE,8,Male,21,7.31,5,4,4,2,2,4,4,2,3,1,4,2,5,5,No,2,91,87,79,3.29,3.29,1.71,Yes,IBM,15.63,0.93
S0209,University B,CSE,8,Male,20,6.77,4,5,4,3,5,4,2,3,1,2,1,5,1,2,Yes,2,67,48,90,3.57,3.14,1.86,Yes,TCS,10.08,0.96
S0210,University A,CSE,8,Male,23,7.67,3,4,3,4,3,4,1,3,1,2,1,3,4,1,No,1,62,97,98,3.0,2.43,2.57,Yes,IBM,7.25,0.91
S0211,University B,CSE,8,Male,23,8.89,4,2,1,2,4,1,5,2,4,4,3,3,2,1,Yes,2,80,80,64,2.71,3.0,2.0,Yes,TCS,6.48,0.99
S0212,University A,CSE-DS,8,Male,24,6.93,2,3,5,1,4,2,1,1,5,4,5,2,3,1,Yes,1,81,45,88,2.29,3.71,1.29,Yes,TCS,12.78,0.88
S0213,University B,CSE-AI,8,Female,22,8.98,2,4,2,3,5,3,4,2,1,4,3,2,3,1,No,5,78,75,63,3.0,2.57,2.43,Yes,Deloitte,11.64,0.95
S0214,University B,CSE-DS,8,Male,24,8.72,3,5,5,2,1,5,2,4,3,3,5,3,4,1,No,5,61,96,46,3.14,3.86,1.14,Yes,Cognizant,12.8,1.0
S0215,University D,CSE-AI,8,Male,20,9.1,2,5,4,5,2,5,3,3,4,3,1,1,5,1,Yes,6,58,51,100,3.43,2.86,2.14,Yes,Infosys,3.97,0.99
S0216,University C,CSE,8,Female,24,8.01,4,4,5,5,5,3,1,3,2,5,1,1,2,4,Yes,3,90,43,68,3.71,3.14,1.86,Yes,IBM,11.87,1.0
S0217,University C,IT,8,Female,20,5.68,1,3,1,2,5,1,1,2,5,4,2,2,5,2,Yes,4,97,75,71,1.86,2.57,2.43,Yes,Microsoft,14.69,0.79
S0218,University B,CSE-AI,8,Female,24,6.23,2,5,4,5,3,2,5,5,4,3,3,5,3,3,No,6,90,67,97,3.71,3.71,1.29,Yes,Microsoft,14.39,0.94
S0219,University B,CSE,8,Male,23,9.58,3,3,4,4,4,1,1,3,5,1,5,2,3,1,No,1,63,94,65,2.86,3.29,1.71,Yes,Capgemini,3.83,0.97
S0220,University A,CSE-DS,8,Male,24,7.06,2,3,3,5,2,2,3,3,1,5,4,5,2,1,No,6,80,51,76,2.86,3.29,1.71,Yes,Microsoft,15.89,0.92
S0221,University B,CSE,8,Female,23,7.18,1,3,3,4,4,1,2,5,1,4,1,3,5,1,No,4,86,49,65,2.86,2.29,2.71,Yes,Accenture,11.04,0.82
S0222,University B,IT,8,Male,23,8.81,5,5,1,2,4,3,4,2,2,3,1,4,5,1,No,2,55,65,77,3.0,3.0,2.0,Yes,Wipro,10.02,0.96
S0223,University A,CSE-DS,8,Male,22,7.24,5,2,5,5,5,2,2,1,3,4,3,5,1,1,No,3,73,62,57,3.57,3.86,1.14,Yes,Microsoft,8.31,1.0
S0224,University C,IT,8,Female,20,8.21,4,5,2,4,1,2,2,3,2,1,1,1,2,5,Yes,6,68,40,66,2.57,2.29,2.71,Yes,Infosys,13.91,0.9
S0225,University C,CSE,8,Female,20,6.96,5,2,2,5,5,3,5,4,5,2,1,4,5,5,Yes,2,60,43,63,4.14,3.0,2.0,Yes,Microsoft,6.51,0.86
S0226,University A,CSE-AI,8,Female,22,5.79,3,3,1,1,3,4,2,4,5,1,3,4,5,5,Yes,1,62,72,74,2.57,2.86,2.14,Yes,TCS,11.91,0.78
S0227,University D,CSE-AI,8,Female,21,7.66,2,1,3,3,3,3,2,5,3,1,3,4,1,5,No,1,59,61,70,3.0,2.43,2.57,Yes,Infosys,13.35,0.79
S0228,University C,CSE,8,Male,21,8.02,4,3,5,3,4,5,2,2,2,5,5,2,2,3,Yes,3,99,49,86,3.57,3.71,1.29,Yes,Wipro,17.5,1.0
S0229,University A,CSE-DS,8,Male,23,6.9,2,1,3,4,4,3,4,3,2,2,1,2,2,1,No,4,86,79,59,3.29,1.86,3.14,Yes,Accenture,12.45,0.8
S0230,University A,CSE-AI,8,Female,24,6.09,5,4,3,2,4,4,4,2,2,2,2,1,4,1,No,3,64,87,87,3.43,2.71,2.29,Yes,Accenture,18.32,0.82
S0231,University B,IT,8,Male,24,7.66,3,4,2,4,4,1,5,4,3,4,5,5,5,5,Yes,4,56,68,74,3.29,3.71,1.29,Yes,TCS,15.91,1.0
S0232,University B,CSE-AI,8,Female,23,7.2,1,2,3,4,4,3,3,4,2,4,3,5,1,5,Yes,3,91,68,50,3.14,2.86,2.14,Yes,Infosys,14.34,0.95
S0233,University B,IT,8,Female,20,6.92,1,2,4,5,2,4,1,3,3,2,1,1,1,4,No,0,83,85,69,2.86,2.0,3.0,Yes,Amazon,14.4,0.76
S0234,University D,IT,8,Male,24,8.88,3,5,2,2,2,2,1,4,3,3,4,3,2,1,Yes,1,50,79,93,2.29,3.29,1.71,Yes,Deloitte,7.3,0.99
S0235,University B,CSE,8,Female,22,9.38,2,2,5,4,4,4,4,1,5,5,1,2,5,3,Yes,0,61,49,48,3.43,3.14,1.86,Yes,TCS,13.3,0.98
S0236,University A,IT,8,Male,22,9.55,1,1,4,2,2,3,5,5,5,5,2,4,5,3,Yes,0,99,59,65,3.14,3.14,1.86,Yes,IBM,9.03,1.0
S0237,University D,CSE-DS,8,Female,24,7.57,1,3,3,5,4,5,2,2,5,1,1,5,5,1,No,5,94,78,95,3.14,2.71,2.29,Yes,Capgemini,18.29,0.92
S0238,University D,IT,8,Male,22,8.03,5,3,2,5,5,4,5,4,4,2,5,2,3,2,Yes,0,51,69,85,4.29,3.29,1.71,Yes,Accenture,15.45,0.9
S0239,University B,CSE-DS,8,Female,23,7.04,2,1,2,3,3,1,3,3,5,5,3,1,1,3,No,3,96,76,84,2.43,2.71,2.29,Yes,Wipro,17.9,0.79
S0240,University A,CSE-AI,8,Female,20,9.53,1,2,4,2,4,5,3,4,4,1,5,3,5,3,Yes,1,86,83,66,3.29,2.86,2.14,Yes,Cognizant,15.49,1.0
S0241,University B,CSE-DS,8,Male,20,6.99,4,5,2,5,5,4,2,5,1,3,3,1,3,4,Yes,3,65,63,73,3.86,2.71,2.29,Yes,Capgemini,15.94,0.87
S0242,University B,CSE-AI,8,Male,23,7.15,1,2,1,4,5,1,4,5,2,2,3,4,5,3,No,1,99,95,51,3.0,2.14,2.86,Yes,Amazon,15.83,0.81
S0243,University C,IT,8,Male,22,7.21,5,1,1,3,1,5,1,3,4,1,1,5,3,1,No,5,63,60,57,2.71,2.57,2.43,Yes,Capgemini,6.39,0.84
S0244,University C,CSE-DS,8,Female,20,6.16,3,1,1,5,5,5,1,2,5,3,5,3,3,2,No,4,65,50,49,3.14,3.0,2.0,No,,0.0,0.7
S0245,University A,IT,8,Male,20,6.07,4,1,1,4,1,1,4,4,2,5,5,4,5,3,No,2,62,85,93,2.71,3.14,1.86,Yes,Amazon,13.56,0.81
S0246,University A,CSE-DS,8,Female,23,9.08,4,1,4,3,4,4,2,2,2,5,3,3,4,2,No,6,70,69,76,3.29,3.14,1.86,Yes,Deloitte,3.95,1.0
S0247,University B,IT,8,Female,20,9.22,3,3,5,5,2,5,1,4,1,3,5,1,3,5,No,3,87,66,60,3.57,3.0,2.0,Yes,Amazon,12.81,0.97
S0248,University D,CSE,8,Male,24,7.0,5,4,4,5,3,5,2,2,1,5,4,1,5,5,No,2,85,46,97,3.71,3.43,1.57,Yes,Capgemini,10.18,0.87
S0249,University C,CSE-DS,8,Female,22,8.89,4,3,4,1,1,2,2,5,1,2,2,4,5,3,No,4,86,68,57,2.71,2.86,2.14,Yes,Cognizant,6.58,1.0
S0250,University D,CSE-DS,8,Female,23,9.86,5,1,5,5,4,2,3,1,3,5,1,1,5,3,Yes,6,68,95,46,3.57,3.0,2.0,Yes,Microsoft,7.03,1.0
S0251,University D,CSE-AI,8,Male,21,7.18,5,2,2,4,2,2,5,4,3,4,2,3,2,2,Yes,0,91,41,54,3.43,3.0,2.0,Yes,Deloitte,14.32,0.87
S0252,University C,IT,8,Female,20,8.33,4,4,5,4,5,2,4,5,4,5,4,4,3,2,Yes,3,88,40,81,4.14,4.29,0.71,Yes,Accenture,10.97,1.0
S0253,University C,CSE,8,Female,24,9.8,5,4,3,1,5,4,1,2,5,3,4,5,1,5,Yes,1,80,80,92,3.0,4.14,0.86,Yes,Infosys,13.46,1.0
S0254,University C,CSE,8,Female,23,8.93,4,4,5,4,5,3,4,3,3,3,2,1,5,3,No,0,90,70,82,4.0,3.14,1.86,Yes,TCS,6.04,0.97
S0255,University D,CSE-AI,8,Male,22,5.86,5,1,3,3,2,5,3,3,3,1,1,5,2,5,Yes,5,78,63,96,3.43,2.71,2.29,Yes,Accenture,6.13,0.9
S0256,University B,IT,8,Female,23,9.83,2,5,2,4,4,4,2,4,2,2,5,3,1,3,Yes,0,60,69,70,3.14,3.0,2.0,Yes,Deloitte,10.64,0.99
S0257,University D,IT,8,Male,24,6.66,5,4,1,3,4,4,3,5,1,1,5,3,4,5,No,2,67,57,96,3.57,2.86,2.14,Yes,Microsoft,4.97,0.78
S0258,University A,CSE,8,Male,24,8.89,5,3,2,3,5,1,1,1,1,4,1,5,1,4,No,1,96,58,61,2.57,3.0,2.0,Yes,TCS,6.4,1.0
S0259,University C,CSE-AI,8,Male,22,8.31,1,1,5,2,4,5,2,1,2,3,3,4,1,4,No,6,77,84,87,2.86,2.71,2.29,Yes,Cognizant,15.05,0.99
S0260,University A,IT,8,Female,20,8.92,4,4,3,1,3,3,2,4,1,4,2,5,4,2,No,0,59,74,94,2.86,3.29,1.71,Yes,Microsoft,9.97,1.0
S0261,University D,CSE,8,Male,20,5.65,1,5,3,4,1,4,2,1,1,4,3,2,3,4,Yes,4,95,100,94,2.29,2.71,2.29,Yes,IBM,10.86,0.91
S0262,University A,IT,8,Male,22,7.19,4,1,5,5,3,3,3,4,1,1,3,5,3,1,No,6,99,58,86,3.86,2.86,2.14,Yes,Amazon,6.55,0.96
S0263,University A,CSE,8,Female,20,8.56,1,3,4,1,4,2,2,1,2,1,5,2,4,4,Yes,6,84,81,64,2.14,2.57,2.43,Yes,Deloitte,11.0,0.98
S0264,University A,CSE-AI,8,Male,22,6.99,1,4,1,2,5,4,5,2,5,2,1,1,2,4,Yes,3,89,42,60,2.86,2.14,2.86,Yes,Wipro,14.02,0.74
S0265,University B,CSE-DS,8,Male,20,9.11,1,4,5,2,5,1,1,1,4,5,5,2,1,2,No,2,97,83,70,2.29,3.71,1.29,Yes,Microsoft,8.36,1.0
S0266,University A,IT,8,Male,20,8.11,3,1,1,3,2,4,2,3,5,2,4,2,5,1,Yes,0,100,94,85,2.57,2.57,2.43,Yes,Wipro,12.69,0.89
S0267,University C,CSE-DS,8,Female,20,5.53,1,5,3,4,4,2,2,2,3,5,4,4,2,2,Yes,4,61,85,76,2.57,3.57,1.43,Yes,Infosys,12.68,0.92
S0268,University D,CSE-AI,8,Male,20,7.95,2,1,5,1,5,3,5,5,2,4,2,3,1,2,Yes,6,59,83,99,3.71,2.71,2.29,Yes,Deloitte,18.03,1.0
S0269,University C,IT,8,Male,22,5.74,3,3,2,4,3,3,5,4,1,1,1,5,2,2,Yes,3,82,47,49,3.43,2.29,2.71,Yes,Deloitte,16.93,0.82
S0270,University C,CSE-AI,8,Female,21,6.51,1,3,2,1,2,4,2,4,2,1,4,5,4,1,No,1,63,99,84,2.29,2.57,2.43,Yes,IBM,10.32,0.81
S0271,University B,CSE-AI,8,Male,23,8.28,3,2,3,2,1,5,1,3,2,1,4,4,4,2,No,1,68,78,55,2.57,2.71,2.29,Yes,Microsoft,15.34,0.89
S0272,University A,IT,8,Female,23,9.27,4,2,5,4,4,3,1,4,2,2,3,4,5,2,Yes,4,50,66,47,3.57,3.14,1.86,Yes,Deloitte,4.1,1.0
S0273,University A,IT,8,Female,21,9.06,1,4,4,2,1,5,1,4,2,2,3,3,2,1,Yes,3,92,59,55,2.57,2.71,2.29,Yes,Microsoft,14.05,1.0
S0274,University C,CSE,8,Male,23,9.35,4,2,3,4,1,1,4,3,5,1,3,4,3,5,Yes,6,93,45,84,2.86,3.14,1.86,Yes,TCS,16.71,1.0
S0275,University B,CSE-DS,8,Female,22,7.11,5,1,3,3,2,5,1,5,2,2,3,2,5,1,No,5,98,77,100,3.43,2.57,2.43,Yes,Accenture,17.89,0.88
S0276,University B,IT,8,Male,20,7.72,4,3,1,1,3,3,4,4,5,5,1,4,5,5,No,3,89,63,96,2.86,3.29,1.71,Yes,Infosys,13.6,0.92
S0277,University D,CSE,8,Female,21,7.22,2,3,1,1,2,3,1,2,4,2,2,5,1,3,No,5,84,99,53,1.71,2.71,2.29,Yes,IBM,10.61,0.91
S0278,University C,CSE-DS,8,Male,21,5.78,2,5,3,4,5,3,3,4,5,5,5,4,4,3,Yes,6,69,50,95,3.43,4.14,0.86,Yes,Deloitte,7.4,0.91
S0279,University C,CSE-DS,8,Male,22,7.05,4,2,5,2,5,3,2,2,2,2,2,1,1,3,Yes,3,66,63,56,3.29,2.57,2.43,Yes,TCS,6.58,0.89
S0280,University B,IT,8,Female,20,7.47,2,5,3,1,1,4,4,2,4,3,2,1,5,5,No,5,95,58,75,2.43,2.86,2.14,Yes,Microsoft,16.94,0.86
S0281,University B,CSE,8,Male,24,8.72,1,2,5,1,3,1,4,5,2,4,3,1,3,1,Yes,4,83,54,95,2.86,2.57,2.43,Yes,Capgemini,17.53,0.95
S0282,University D,CSE,8,Male,23,9.24,1,5,4,2,4,3,5,5,5,1,3,4,2,4,No,3,73,40,63,3.43,3.29,1.71,Yes,Capgemini,8.67,0.93
S0283,University C,IT,8,Male,24,8.76,4,4,3,2,4,4,2,5,5,1,2,2,3,4,No,0,87,88,69,3.43,3.0,2.0,Yes,IBM,4.83,0.94
S0284,University D,CSE,8,Female,23,7.53,5,2,2,2,4,3,5,4,1,3,5,3,4,5,No,1,51,90,45,3.57,3.0,2.0,Yes,Capgemini,5.81,0.88
S0285,University B,CSE,8,Male,22,6.29,2,1,1,3,4,1,5,3,5,4,5,4,3,4,Yes,2,82,86,81,2.71,3.14,1.86,Yes,Capgemini,3.76,0.85
S0286,University C,CSE-DS,8,Female,22,7.53,2,3,2,1,3,3,4,3,1,3,3,5,1,5,Yes,6,90,51,93,2.57,2.71,2.29,Yes,Wipro,4.92,0.96
S0287,University A,IT,8,Female,20,8.52,3,1,5,5,3,2,1,2,5,3,3,4,4,3,Yes,0,63,49,77,3.0,3.43,1.57,Yes,Accenture,6.82,0.96
S0288,University C,CSE-AI,8,Male,21,6.01,2,1,4,3,3,3,2,4,5,5,3,2,3,1,Yes,1,58,94,89,3.0,3.14,1.86,Yes,Accenture,5.64,0.86
S0289,University A,CSE-AI,8,Male,21,9.82,4,1,1,1,4,4,1,2,1,1,5,5,1,4,Yes,2,52,44,64,2.43,2.57,2.43,Yes,Infosys,13.51,0.95
S0290,University C,CSE-AI,8,Male,20,8.45,1,1,2,3,5,3,3,2,5,5,2,5,5,1,Yes,6,87,88,45,2.71,3.0,2.0,Yes,Accenture,11.43,1.0
S0291,University B,IT,8,Female,22,9.57,5,4,3,5,2,4,1,2,3,4,4,2,5,2,No,0,98,60,52,3.14,3.57,1.43,Yes,Amazon,10.49,1.0
S0292,University C,CSE-AI,8,Male,23,7.95,1,1,3,4,1,4,3,4,5,3,4,2,5,4,No,6,77,52,99,2.86,2.71,2.29,Yes,Deloitte,4.54,0.81
S0293,University D,CSE-DS,8,Female,23,8.46,4,4,5,1,1,2,4,4,5,1,2,1,3,2,No,1,88,94,70,3.0,3.14,1.86,Yes,IBM,5.34,0.97
S0294,University B,IT,8,Female,21,7.07,5,4,4,5,3,2,4,1,1,3,4,4,2,2,Yes,0,97,43,98,3.43,3.57,1.43,Yes,TCS,4.52,0.97
S0295,University D,IT,8,Female,20,6.83,5,1,1,5,4,4,2,3,4,4,5,3,5,3,Yes,6,52,67,52,3.43,3.29,1.71,Yes,Cognizant,9.25,0.89
S0296,University C,IT,8,Female,24,5.64,5,3,2,4,4,2,3,4,4,1,5,4,5,5,No,3,85,94,55,3.43,3.43,1.57,Yes,IBM,11.1,0.85
S0297,University B,CSE-AI,8,Female,24,8.48,3,3,1,1,5,1,2,3,3,5,1,3,4,1,No,2,72,66,67,2.29,2.71,2.29,Yes,Accenture,4.35,0.89
S0298,University D,IT,8,Female,24,5.87,1,3,1,3,2,1,5,3,1,4,4,5,5,4,No,0,94,70,82,2.29,2.71,2.29,Yes,Cognizant,3.83,0.76
S0299,University D,CSE-AI,8,Male,24,5.93,4,1,2,3,4,5,3,2,5,3,3,4,2,4,Yes,6,84,53,63,3.29,3.14,1.86,Yes,Capgemini,7.48,0.86
S0300,University B,CSE,8,Male,24,5.92,3,3,1,5,5,4,4,2,3,1,3,5,3,4,No,1,76,65,61,3.43,2.71,2.29,Yes,Deloitte,12.87,0.75
S0301,University B,IT,8,Female,22,7.7,4,3,5,5,4,5,1,5,2,3,4,2,2,2,No,6,77,66,65,4.14,3.29,1.71,Yes,Infosys,16.4,0.96
S0302,University B,CSE,8,Female,22,8.34,3,5,2,4,2,1,2,2,1,2,3,4,4,5,No,3,91,97,47,2.29,2.86,2.14,Yes,Capgemini,6.53,1.0
S0303,University C,IT,8,Male,21,8.4,2,1,4,1,1,1,3,5,3,1,4,3,1,4,Yes,1,57,76,92,2.43,2.57,2.43,Yes,Infosys,11.0,0.91
S0304,University C,IT,8,Female,21,8.14,3,3,5,4,2,4,2,2,1,2,2,3,4,4,No,6,87,43,76,3.14,2.71,2.29,Yes,Infosys,11.5,0.94
S0305,University D,CSE,8,Female,22,9.74,2,3,4,3,3,1,5,1,1,2,3,5,4,3,No,6,93,47,79,2.71,2.86,2.14,Yes,Deloitte,16.5,1.0
S0306,University A,CSE-DS,8,Female,24,6.82,2,3,2,2,4,3,4,1,3,1,4,4,4,3,No,6,56,92,55,2.57,2.71,2.29,Yes,Amazon,13.98,0.85
S0307,University D,CSE-DS,8,Female,23,8.71,5,3,4,1,1,2,4,2,1,4,2,3,3,5,Yes,0,60,55,78,2.71,3.14,1.86,Yes,Wipro,14.2,1.0
S0308,University A,IT,8,Male,22,9.34,2,3,2,5,3,3,2,1,4,3,2,4,4,5,Yes,0,51,99,80,2.57,2.86,2.14,Yes,Accenture,13.21,1.0
S0309,University B,CSE-AI,8,Female,22,8.59,2,1,4,5,4,5,3,2,1,3,2,5,1,1,No,6,79,92,88,3.57,2.57,2.43,Yes,Accenture,10.91,1.0
S0310,University A,CSE,8,Female,21,8.78,4,2,4,2,5,2,3,2,4,2,4,2,1,3,No,1,89,68,60,3.14,3.14,1.86,Yes,Deloitte,9.04,0.92
S0311,University A,CSE-DS,8,Female,22,9.33,4,2,4,4,5,3,1,1,5,1,1,3,2,4,No,4,92,91,83,3.14,2.86,2.14,Yes,TCS,14.14,1.0
S0312,University A,CSE-AI,8,Female,22,9.8,3,2,5,1,5,2,3,2,5,4,3,4,2,1,No,5,83,67,54,3.0,3.71,1.29,Yes,Cognizant,7.41,1.0
S0313,University C,CSE-AI,8,Female,23,8.79,4,3,3,5,3,5,3,4,2,3,4,2,5,4,Yes,1,59,43,59,3.86,3.0,2.0,Yes,Deloitte,6.25,0.92
S0314,University B,CSE,8,Male,23,6.01,4,1,4,3,5,4,4,4,1,2,1,3,1,2,No,1,60,87,77,4.0,2.29,2.71,Yes,Microsoft,15.84,0.81
S0315,University A,CSE-DS,8,Male,24,9.55,2,4,1,3,1,3,1,4,3,5,1,3,2,1,Yes,3,95,82,75,2.14,2.71,2.29,Yes,Capgemini,10.31,1.0
S0316,University B,CSE-AI,8,Female,23,9.68,3,5,2,2,1,3,3,1,1,5,5,4,1,4,No,1,65,89,100,2.14,3.57,1.43,Yes,TCS,9.48,1.0
S0317,University D,CSE-DS,8,Male,23,6.75,2,1,3,4,4,3,5,2,3,1,3,5,2,4,No,3,80,57,81,3.29,2.57,2.43,Yes,Infosys,12.51,0.8
S0318,University B,IT,8,Female,24,8.28,1,1,5,3,4,2,2,4,5,5,1,3,4,4,Yes,6,80,59,54,3.0,3.0,2.0,Yes,Capgemini,18.26,1.0
S0319,University B,CSE-AI,8,Female,20,5.71,1,1,5,1,5,4,4,1,4,5,3,3,3,5,Yes,6,82,41,52,3.0,3.14,1.86,Yes,Deloitte,14.61,0.85
S0320,University B,IT,8,Female,23,5.87,3,3,5,4,4,5,3,3,2,2,2,1,5,3,Yes,3,84,41,45,3.86,2.57,2.43,Yes,TCS,9.42,0.8
S0321,University B,IT,8,Male,20,9.32,5,4,3,5,5,3,4,3,1,2,2,1,2,1,Yes,5,62,94,46,4.0,2.57,2.43,Yes,Wipro,6.64,1.0
S0322,University C,CSE,8,Male,23,6.82,4,2,4,4,1,1,2,2,4,4,4,1,4,5,Yes,1,68,76,98,2.57,3.29,1.71,Yes,TCS,16.01,0.89
S0323,University C,IT,8,Female,20,9.81,4,5,5,5,3,1,4,4,4,5,5,5,4,2,Yes,4,51,67,81,3.71,4.71,0.29,Yes,Infosys,8.24,1.0
S0324,University D,IT,8,Female,23,7.68,3,4,4,1,2,3,2,4,3,4,2,5,2,5,No,4,95,82,74,2.71,3.57,1.43,Yes,Capgemini,5.47,1.0
S0325,University C,CSE-DS,8,Female,21,9.02,2,5,2,3,1,4,2,2,2,2,5,4,1,4,No,2,65,53,80,2.29,3.14,1.86,Yes,TCS,4.21,0.91
S0326,University A,CSE,8,Female,23,6.27,5,1,1,3,4,1,5,2,1,5,2,4,3,3,No,6,52,89,80,3.0,2.71,2.29,Yes,Wipro,7.51,0.88
S0327,University B,CSE-DS,8,Female,21,9.74,1,1,5,5,1,5,1,5,1,2,1,2,3,2,No,5,78,88,77,3.29,1.86,3.14,Yes,Infosys,10.98,0.99
S0328,University D,CSE-AI,8,Male,23,6.04,2,4,4,1,2,4,3,3,5,2,1,3,3,4,No,5,92,55,54,2.71,3.0,2.0,Yes,Amazon,14.8,0.82
S0329,University A,CSE-DS,8,Female,23,7.32,4,4,5,3,1,4,2,1,5,1,1,3,3,4,Yes,3,53,65,93,2.86,3.29,1.71,Yes,Wipro,4.06,0.96
S0330,University B,CSE-DS,8,Male,20,9.4,5,3,3,3,1,3,5,5,2,4,4,2,5,5,No,5,72,96,96,3.57,3.29,1.71,Yes,IBM,15.22,1.0
S0331,University D,CSE,8,Male,22,7.86,4,2,5,5,3,2,1,5,5,3,5,3,2,1,Yes,6,84,77,61,3.57,3.86,1.14,Yes,Capgemini,7.12,1.0
S0332,University B,IT,8,Male,20,6.64,5,3,1,1,1,4,3,5,1,4,3,2,5,5,Yes,2,69,58,87,2.86,2.71,2.29,Yes,Microsoft,15.27,0.85
S0333,University D,CSE-DS,8,Female,23,6.94,5,2,3,4,1,2,4,4,1,1,1,4,2,4,Yes,3,54,63,88,3.29,2.43,2.57,Yes,Microsoft,11.39,0.91
S0334,University D,CSE,8,Male,22,9.88,4,4,2,2,5,2,4,4,2,5,5,1,2,4,No,0,97,50,80,3.29,3.29,1.71,Yes,Infosys,9.04,0.94
S0335,University A,CSE,8,Female,20,8.02,1,5,2,1,3,3,3,3,3,4,1,2,2,5,No,0,69,96,63,2.29,2.57,2.43,Yes,Deloitte,6.73,0.88
S0336,University D,IT,8,Male,23,9.33,4,4,5,3,5,4,3,4,4,5,2,2,5,4,No,5,78,49,100,4.0,3.71,1.29,Yes,Infosys,14.42,1.0
S0337,University A,CSE-AI,8,Male,22,6.99,1,4,3,1,2,1,5,3,5,1,5,1,2,5,Yes,4,83,52,93,2.29,2.86,2.14,Yes,TCS,10.64,0.8
S0338,University A,CSE,8,Male,24,8.96,2,5,4,1,5,5,3,4,5,1,4,1,3,4,Yes,3,51,95,78,3.43,3.14,1.86,Yes,Capgemini,8.26,1.0
S0339,University C,IT,8,Male,20,6.24,2,2,3,1,2,3,4,2,1,5,3,2,1,1,No,3,56,60,54,2.43,2.57,2.43,Yes,Cognizant,9.69,0.76
S0340,University C,CSE,8,Male,24,6.39,5,5,2,4,5,5,4,1,3,1,3,4,5,4,Yes,3,51,66,85,3.71,3.29,1.71,Yes,TCS,7.01,0.9
S0341,University C,CSE-AI,8,Male,20,8.37,2,3,5,4,4,1,5,2,2,3,5,2,2,5,No,4,78,42,45,3.29,3.14,1.86,Yes,Microsoft,15.69,0.9
S0342,University C,IT,8,Male,24,9.61,4,3,5,3,4,3,2,5,5,3,1,2,5,5,Yes,2,55,65,89,3.71,3.29,1.71,Yes,Wipro,5.34,1.0
S0343,University D,IT,8,Male,20,7.72,3,3,3,4,3,2,3,3,2,4,5,3,1,2,Yes,4,80,40,45,3.0,3.29,1.71,Yes,IBM,13.59,0.93
S0344,University B,CSE,8,Female,21,7.87,4,1,3,4,5,3,4,2,1,1,4,3,2,4,Yes,1,97,41,93,3.57,2.43,2.57,Yes,Cognizant,7.72,0.87
S0345,University B,CSE,8,Male,20,6.53,4,3,1,3,4,5,2,1,2,4,1,3,5,5,No,1,85,52,87,2.86,2.57,2.43,Yes,Microsoft,14.58,0.78
S0346,University D,CSE-DS,8,Male,21,6.06,5,2,5,3,2,1,5,5,3,5,4,1,4,1,No,3,76,57,52,3.71,3.57,1.43,Yes,Deloitte,13.7,0.84
S0347,University A,IT,8,Female,20,5.71,4,5,4,3,1,4,2,3,1,5,1,2,4,1,Yes,1,60,61,64,3.0,3.14,1.86,Yes,Infosys,4.44,0.89
S0348,University A,CSE,8,Female,22,8.11,3,3,2,1,4,2,3,1,3,5,2,1,5,5,No,6,56,80,73,2.29,2.71,2.29,Yes,Infosys,12.18,0.9
S0349,University A,IT,8,Female,23,9.42,1,2,1,4,1,3,5,4,1,1,1,5,1,3,No,3,56,79,93,2.71,1.71,3.29,Yes,Microsoft,9.67,0.9
S0350,University C,CSE-DS,8,Female,23,9.0,5,5,1,3,1,4,5,3,5,2,1,1,1,5,Yes,4,100,93,57,3.14,2.86,2.14,Yes,Wipro,17.07,1.0
S0351,University A,CSE-AI,8,Male,21,8.69,4,2,2,2,1,1,2,3,5,4,5,3,3,5,Yes,1,80,59,83,2.14,3.57,1.43,Yes,Cognizant,8.64,0.96
S0352,University A,IT,8,Male,20,7.73,5,1,4,3,2,2,2,1,3,2,4,4,5,3,No,4,69,66,66,2.71,3.29,1.71,Yes,Deloitte,5.93,0.94
S0353,University B,CSE-DS,8,Male,20,8.31,2,4,5,2,2,4,3,4,2,4,2,1,3,1,Yes,2,51,75,52,3.14,2.86,2.14,Yes,Deloitte,5.64,0.98
S0354,University C,CSE-AI,8,Female,23,6.38,3,2,2,3,2,3,5,2,2,2,1,2,3,1,Yes,6,93,48,69,2.86,2.0,3.0,Yes,Infosys,13.32,0.81
S0355,University B,CSE-DS,8,Male,22,6.56,3,2,5,5,4,1,1,2,2,2,2,5,4,3,No,4,77,80,60,3.0,3.0,2.0,Yes,Microsoft,17.32,0.94
S0356,University D,IT,8,Female,22,6.59,3,2,5,5,4,2,1,4,5,1,2,5,4,5,No,3,83,69,56,3.43,3.29,1.71,Yes,Cognizant,8.33,0.9
S0357,University D,CSE-DS,8,Male,24,8.06,5,1,2,2,2,4,2,4,2,3,4,4,5,2,No,2,85,45,53,3.0,3.0,2.0,Yes,Capgemini,14.77,0.88
S0358,University C,CSE,8,Female,21,5.68,5,5,3,4,4,4,4,4,3,4,3,3,4,1,Yes,3,64,56,86,4.0,3.71,1.29,Yes,Infosys,4.64,0.91
S0359,University C,IT,8,Female,24,5.93,1,3,1,5,2,3,2,3,3,3,3,2,5,2,No,0,99,59,63,2.43,2.29,2.71,No,,0.0,0.66
S0360,University D,CSE-AI,8,Female,23,8.83,1,4,5,2,4,2,2,2,4,2,5,5,5,4,No,2,100,45,65,2.57,3.71,1.29,Yes,IBM,16.19,0.98
S0361,University B,CSE-DS,8,Female,23,9.25,1,3,2,5,2,3,1,4,3,3,2,4,4,4,No,2,87,41,81,2.57,2.57,2.43,Yes,Wipro,15.28,0.88
S0362,University A,IT,8,Female,21,6.4,4,1,5,4,2,4,1,3,5,4,3,1,2,1,Yes,0,94,78,76,3.29,3.29,1.71,Yes,Accenture,3.9,0.89
S0363,University B,CSE-AI,8,Female,23,6.53,5,1,4,1,3,5,1,2,3,4,4,2,1,2,No,3,97,44,69,3.0,3.29,1.71,Yes,Accenture,17.83,0.83
S0364,University D,IT,8,Female,24,9.1,4,2,5,5,3,5,2,5,4,3,2,1,2,4,Yes,6,75,78,96,4.14,3.0,2.0,Yes,Cognizant,7.2,1.0
S0365,University B,CSE-AI,8,Female,24,5.67,1,3,4,3,3,4,5,2,4,2,2,5,4,4,No,5,61,84,81,3.14,3.0,2.0,Yes,TCS,4.93,0.85
S0366,University D,CSE-DS,8,Female,21,6.78,1,2,4,4,5,1,3,1,1,5,3,4,4,2,No,1,82,42,74,2.71,2.86,2.14,Yes,Deloitte,3.9,0.81
S0367,University A,CSE-AI,8,Female,20,7.25,1,3,1,2,3,4,4,4,1,1,5,2,4,2,No,6,67,93,55,2.71,2.0,3.0,Yes,TCS,6.06,0.79
S0368,University D,CSE-DS,8,Female,20,7.85,4,2,1,1,3,2,4,3,2,2,1,5,2,4,Yes,6,90,91,78,2.57,2.43,2.57,Yes,Infosys,13.12,1.0
S0369,University B,CSE,8,Female,24,8.13,1,4,2,2,3,2,2,1,1,4,1,1,3,2,Yes,1,56,91,98,1.86,2.0,3.0,Yes,Wipro,15.96,0.89
S0370,University B,IT,8,Male,20,5.97,3,3,5,2,5,2,5,4,4,1,2,2,1,3,No,1,50,65,86,3.71,2.86,2.14,Yes,IBM,8.24,0.75
S0371,University C,CSE-AI,8,Female,23,8.4,3,5,3,1,1,2,4,3,5,4,1,5,5,2,No,0,88,60,85,2.43,3.71,1.29,Yes,Wipro,13.94,0.99
S0372,University A,CSE-AI,8,Female,23,5.8,1,5,5,4,4,5,2,5,5,1,2,1,5,1,No,1,97,67,93,3.71,2.86,2.14,Yes,Infosys,7.15,0.75
S0373,University B,CSE-AI,8,Male,21,6.81,2,4,2,1,2,5,4,3,2,3,3,1,5,4,No,6,51,54,99,2.71,2.43,2.57,Yes,Cognizant,14.49,0.75
S0374,University B,CSE,8,Female,23,9.03,2,5,4,5,3,2,4,1,1,4,1,2,1,2,Yes,1,55,51,82,3.0,2.71,2.29,Yes,Accenture,11.73,0.98
S0375,University D,CSE-AI,8,Female,20,6.87,2,2,4,2,5,2,3,3,5,4,2,3,4,1,No,3,74,50,75,3.0,3.14,1.86,Yes,Amazon,10.12,0.82
S0376,University B,CSE-AI,8,Male,20,8.85,4,1,3,5,5,2,5,2,3,4,4,3,4,3,No,4,88,70,49,3.71,3.14,1.86,Yes,Deloitte,8.5,0.98
S0377,University C,IT,8,Female,20,5.56,5,3,4,4,4,4,3,4,4,3,5,1,4,1,Yes,3,86,50,57,4.0,3.57,1.43,Yes,Capgemini,14.94,0.83
S0378,University D,CSE,8,Male,23,8.36,4,2,2,4,1,3,1,2,3,5,4,2,3,2,Yes,0,57,89,50,2.43,3.14,1.86,Yes,IBM,13.17,0.96
S0379,University A,CSE-AI,8,Female,20,6.23,4,3,3,5,5,4,5,3,4,1,1,5,3,2,No,5,63,99,92,4.14,3.0,2.0,Yes,Capgemini,9.47,0.92
S0380,University B,CSE-AI,8,Female,23,5.93,4,5,4,3,4,2,2,3,2,2,2,4,2,5,Yes,3,86,92,58,3.14,3.29,1.71,Yes,TCS,6.28,1.0
S0381,University A,CSE,8,Male,21,7.44,5,1,2,1,3,1,4,1,3,1,3,1,5,2,No,3,93,88,51,2.43,2.29,2.71,Yes,Capgemini,3.64,0.83
S0382,University C,CSE,8,Male,23,7.8,1,4,5,5,3,4,4,3,5,4,3,3,3,3,Yes,2,92,65,69,3.57,3.57,1.43,Yes,Cognizant,12.66,0.99
S0383,University A,CSE-DS,8,Female,21,9.33,4,2,1,5,1,5,3,2,3,4,5,4,5,4,Yes,0,90,100,97,3.0,3.29,1.71,Yes,Cognizant,8.33,1.0
S0384,University D,CSE-AI,8,Female,20,8.17,4,5,1,3,4,4,1,4,3,5,2,2,5,5,Yes,1,81,90,50,3.0,3.14,1.86,Yes,Amazon,8.02,1.0
S0385,University D,CSE,8,Female,21,7.62,5,2,2,2,2,1,1,4,1,2,3,4,3,2,No,5,80,100,87,2.43,2.71,2.29,Yes,Wipro,5.35,0.98
S0386,University C,CSE-AI,8,Female,23,9.6,5,1,3,4,4,5,4,2,2,3,1,3,1,1,Yes,2,97,77,57,3.86,2.57,2.43,Yes,Infosys,14.67,1.0
S0387,University B,CSE-DS,8,Male,23,8.04,1,3,1,5,5,2,4,4,3,3,2,5,5,5,Yes,0,75,40,79,3.14,2.57,2.43,Yes,Cognizant,16.29,0.85
S0388,University B,CSE-AI,8,Male,20,8.49,2,5,3,2,1,5,3,3,5,1,3,5,4,2,No,2,95,64,48,2.71,3.43,1.57,Yes,Cognizant,18.22,0.96
S0389,University D,CSE,8,Male,22,9.56,2,4,4,3,2,1,5,4,3,4,4,3,4,4,Yes,4,96,58,63,3.0,3.43,1.57,Yes,Accenture,13.95,1.0
S0390,University D,IT,8,Male,20,8.81,5,1,3,4,2,5,2,4,4,3,2,2,2,2,Yes,2,96,94,81,3.57,2.86,2.14,Yes,Wipro,5.03,1.0
S0391,University A,IT,8,Female,22,5.92,4,2,1,1,5,3,5,4,2,4,2,1,1,2,No,3,69,84,83,3.29,2.29,2.71,Yes,IBM,17.82,0.74
S0392,University D,IT,8,Female,22,8.28,4,3,1,1,1,1,1,4,5,2,1,5,5,5,No,2,94,87,51,1.86,3.0,2.0,Yes,Wipro,15.42,0.96
S0393,University B,CSE,8,Female,22,8.01,1,3,1,5,2,4,1,4,5,5,5,4,1,5,Yes,6,98,53,87,2.57,3.43,1.57,Yes,Wipro,16.96,0.95
S0394,University C,IT,8,Male,24,6.04,2,5,2,2,1,5,3,1,1,1,5,3,3,5,Yes,3,92,40,60,2.29,2.71,2.29,Yes,Amazon,8.01,0.79
S0395,University B,IT,8,Male,24,7.66,3,5,3,5,5,5,2,1,1,2,1,2,2,3,Yes,1,88,75,58,3.43,2.43,2.57,Yes,Capgemini,12.38,0.94
S0396,University B,CSE,8,Female,20,6.62,4,2,4,4,1,3,4,2,5,2,1,3,2,3,Yes,3,59,60,95,3.14,3.0,2.0,Yes,TCS,10.0,0.89
S0397,University D,CSE,8,Female,24,7.84,5,4,1,3,1,3,3,3,2,2,3,1,1,4,Yes,3,56,90,52,2.71,2.57,2.43,Yes,Capgemini,6.14,0.92
S0398,University B,CSE-AI,8,Female,24,9.31,5,3,5,1,1,2,3,4,2,3,5,5,5,4,No,4,58,56,45,3.0,4.0,1.0,Yes,Wipro,13.8,1.0
S0399,University C,CSE,8,Male,20,8.74,1,3,2,5,4,4,2,4,3,4,5,3,3,4,Yes,2,90,94,50,3.14,3.0,2.0,Yes,IBM,17.71,1.0
S0400,University D,CSE-DS,8,Male,24,8.71,1,2,5,1,1,3,5,4,1,4,5,2,4,4,Yes,3,50,79,57,2.86,2.86,2.14,Yes,TCS,17.16,0.99
S0401,University A,CSE-DS,8,Female,23,8.51,1,5,4,2,5,2,2,1,3,2,5,3,1,4,No,3,60,63,52,2.43,3.29,1.71,Yes,Accenture,8.57,0.91
S0402,University D,CSE-DS,8,Male,20,6.79,2,1,5,4,2,3,5,1,4,5,4,1,3,1,No,2,69,62,51,3.14,3.14,1.86,Yes,Wipro,3.58,0.8
S0403,University A,IT,8,Female,21,7.4,2,1,5,5,2,4,1,4,1,2,3,2,4,4,No,2,73,67,56,3.29,2.29,2.71,Yes,Capgemini,11.55,0.82
S0404,University D,CSE-AI,8,Female,23,6.12,4,1,3,2,1,2,3,1,2,4,4,3,1,2,Yes,3,92,57,52,2.29,3.0,2.0,Yes,Amazon,9.82,0.87
S0405,University B,CSE-AI,8,Male,21,7.71,4,2,1,1,1,2,2,3,5,1,2,1,3,4,Yes,3,80,58,63,2.0,2.29,2.71,Yes,IBM,10.79,0.81
S0406,University D,CSE,8,Male,20,6.74,1,3,2,4,2,4,1,5,5,2,2,5,2,2,Yes,1,75,42,62,2.71,2.86,2.14,Yes,Wipro,18.36,0.81
S0407,University C,CSE,8,Male,20,9.3,4,4,5,3,2,2,3,4,4,1,5,4,1,3,Yes,2,73,57,67,3.29,3.86,1.14,Yes,Accenture,14.17,1.0
S0408,University C,CSE-DS,8,Female,24,5.5,3,2,3,4,3,5,1,4,2,3,4,3,3,3,Yes,0,92,40,88,3.29,2.86,2.14,Yes,Wipro,11.78,0.76
S0409,University C,CSE-DS,8,Female,21,7.83,3,2,3,2,5,4,1,1,2,5,1,1,5,2,Yes,5,78,99,51,2.71,2.43,2.57,Yes,Amazon,4.62,1.0
S0410,University C,CSE-AI,8,Female,20,7.85,2,1,2,2,4,5,3,5,3,3,4,1,4,1,No,3,83,99,77,3.29,2.29,2.71,Yes,Wipro,15.36,0.83
S0411,University A,IT,8,Female,22,9.71,1,2,4,4,5,5,1,2,4,5,4,5,4,4,No,1,61,40,55,3.14,3.57,1.43,Yes,Microsoft,12.08,0.96
S0412,University A,CSE,8,Female,24,9.25,3,3,5,1,2,2,1,5,2,3,1,2,3,2,No,6,100,43,86,2.71,2.71,2.29,Yes,Accenture,18.2,1.0
S0413,University A,IT,8,Female,24,9.78,3,1,5,3,2,4,5,3,3,1,1,3,2,3,Yes,2,51,74,87,3.57,2.43,2.57,Yes,Microsoft,18.18,1.0
S0414,University B,IT,8,Male,22,7.92,4,2,3,3,2,5,4,2,4,2,4,3,2,4,Yes,3,61,69,56,3.29,3.14,1.86,Yes,Wipro,15.73,0.94
S0415,University D,CSE,8,Male,20,5.59,2,2,4,5,2,1,2,1,4,2,4,4,1,5,Yes,5,98,91,45,2.43,3.14,1.86,Yes,IBM,12.55,0.92
S0416,University C,IT,8,Male,21,8.86,1,2,2,1,3,2,5,1,1,1,5,3,1,2,Yes,3,98,76,73,2.14,2.14,2.86,Yes,Capgemini,15.73,0.93
S0417,University B,IT,8,Male,23,5.75,3,5,1,1,1,1,5,3,1,5,4,2,1,2,Yes,1,77,64,54,2.14,3.0,2.0,Yes,Capgemini,8.8,0.81
S0418,University B,IT,8,Male,22,6.25,1,2,1,3,3,1,5,3,1,3,1,1,5,2,Yes,3,83,61,83,2.43,1.43,3.57,No,,0.0,0.72
S0419,University D,CSE-DS,8,Male,20,8.25,3,3,1,3,4,3,3,1,1,2,2,3,2,4,No,5,100,90,75,2.57,2.14,2.86,Yes,Infosys,15.72,0.93
S0420,University B,IT,8,Male,24,6.92,2,2,4,3,3,4,4,4,4,5,3,2,2,4,No,4,81,74,79,3.43,3.14,1.86,Yes,Amazon,10.89,0.87
S0421,University C,IT,8,Male,24,8.65,5,5,2,1,2,3,1,2,1,3,5,4,2,1,Yes,2,73,94,99,2.29,3.57,1.43,Yes,Wipro,16.5,1.0
S0422,University B,CSE,8,Male,20,9.78,4,2,2,2,1,2,1,2,4,1,4,3,1,1,Yes,3,88,95,55,2.0,2.86,2.14,Yes,Cognizant,3.95,1.0
S0423,University B,CSE-AI,8,Male,23,5.55,4,2,2,4,2,5,3,4,4,3,4,1,3,1,Yes,0,91,42,83,3.43,2.86,2.14,No,,0.0,0.71
S0424,University A,IT,8,Female,22,9.16,4,5,3,5,5,3,2,4,2,3,1,5,4,2,Yes,3,89,43,59,3.71,3.29,1.71,Yes,Amazon,9.38,1.0
S0425,University A,CSE-DS,8,Male,24,8.37,4,4,2,1,3,4,2,3,1,1,1,3,5,3,Yes,1,68,50,79,2.71,2.29,2.71,Yes,Accenture,5.1,0.91
S0426,University D,CSE-DS,8,Male,20,6.39,1,2,3,1,5,5,1,5,4,1,1,3,1,3,Yes,2,98,58,70,3.0,2.14,2.86,Yes,Cognizant,11.0,0.79
S0427,University B,CSE-AI,8,Female,23,6.96,5,1,5,2,1,5,4,4,5,1,3,2,2,4,Yes,5,55,100,90,3.71,3.14,1.86,Yes,Accenture,6.97,0.98
S0428,University A,IT,8,Male,23,8.96,3,3,3,5,4,1,4,2,2,5,5,1,2,5,No,0,50,49,94,3.14,3.14,1.86,Yes,Amazon,16.56,0.85
S0429,University A,CSE-DS,8,Female,23,6.88,3,2,1,3,5,3,3,1,1,2,4,3,4,3,No,5,58,100,52,2.71,2.29,2.71,Yes,Deloitte,18.08,0.83
S0430,University B,CSE,8,Female,23,7.3,5,2,4,3,5,5,3,3,1,4,5,4,3,1,Yes,5,100,55,89,4.0,3.57,1.43,Yes,TCS,15.82,1.0
S0431,University C,CSE-DS,8,Female,21,6.2,4,1,2,4,4,1,3,4,4,5,4,1,1,2,Yes,3,99,67,57,3.14,3.0,2.0,Yes,Infosys,9.52,0.84
S0432,University A,CSE-AI,8,Male,23,8.59,4,1,3,4,1,5,2,4,2,2,3,5,1,5,No,0,73,90,72,3.29,2.86,2.14,Yes,Accenture,18.18,0.97
S0433,University C,IT,8,Female,23,6.69,2,1,2,1,3,4,1,3,4,4,5,2,3,2,Yes,0,77,61,93,2.29,2.86,2.14,Yes,Accenture,7.95,0.77
S0434,University C,CSE,8,Female,22,7.86,2,4,3,5,4,1,5,5,2,1,5,5,2,3,No,0,59,97,74,3.57,3.14,1.86,Yes,Deloitte,17.51,0.92
S0435,University A,CSE-DS,8,Female,20,7.79,1,4,2,4,5,1,1,2,2,4,5,2,5,4,Yes,2,63,100,57,2.29,2.86,2.14,Yes,Microsoft,18.08,0.93
S0436,University D,IT,8,Female,23,6.83,3,5,1,4,4,4,4,3,3,5,4,5,3,1,Yes,3,77,63,56,3.29,3.71,1.29,Yes,Wipro,11.79,0.96
S0437,University D,CSE,8,Male,23,8.29,5,1,1,1,1,1,5,4,1,4,5,5,1,4,Yes,5,68,94,71,2.57,3.14,1.86,Yes,Deloitte,6.68,1.0
S0438,University C,CSE-DS,8,Male,24,9.68,3,4,4,4,1,3,2,5,3,3,3,3,4,2,Yes,3,52,40,46,3.14,3.29,1.71,Yes,Cognizant,5.8,1.0
S0439,University A,IT,8,Female,24,9.87,2,5,4,2,5,4,1,5,4,2,4,2,4,3,Yes,3,64,46,90,3.29,3.29,1.71,Yes,Amazon,15.52,1.0
S0440,University B,CSE-AI,8,Male,22,6.2,3,2,1,1,1,4,1,5,2,1,5,5,1,5,No,0,97,86,53,2.29,2.71,2.29,Yes,Cognizant,18.25,0.79
S0441,University C,CSE-AI,8,Female,20,6.35,2,4,3,1,3,1,2,1,5,1,1,4,5,1,Yes,1,68,56,56,1.86,2.86,2.14,Yes,Deloitte,4.89,0.83
S0442,University C,CSE-DS,8,Female,24,7.66,1,4,1,4,1,2,4,4,3,4,2,2,3,1,Yes,5,86,80,83,2.43,2.43,2.57,Yes,Infosys,16.32,0.91
S0443,University B,CSE-DS,8,Female,23,8.14,1,2,5,3,1,2,5,1,5,1,5,5,2,2,No,0,63,41,65,2.57,3.43,1.57,Yes,Infosys,5.58,0.84
S0444,University B,IT,8,Female,23,6.38,1,3,5,3,4,4,4,5,4,2,3,2,2,3,No,0,87,90,94,3.71,2.86,2.14,Yes,Wipro,12.31,0.81
S0445,University C,IT,8,Male,20,7.36,3,3,5,1,5,4,4,2,5,3,3,1,4,2,Yes,4,66,77,71,3.43,3.29,1.71,Yes,Amazon,7.9,0.95
S0446,University B,CSE,8,Female,22,6.29,3,4,2,3,2,1,2,3,3,2,3,1,1,3,Yes,5,71,53,74,2.29,2.57,2.43,Yes,Cognizant,12.01,0.8
S0447,University A,CSE,8,Female,21,8.15,5,2,1,5,3,5,1,5,4,4,3,3,2,2,Yes,6,81,71,47,3.57,3.14,1.86,Yes,IBM,18.35,1.0
S0448,University C,CSE-DS,8,Female,22,8.15,5,4,2,5,1,3,1,5,1,4,3,2,4,1,Yes,2,91,41,49,3.14,3.0,2.0,Yes,IBM,10.55,0.95
S0449,University B,CSE-AI,8,Male,21,7.26,5,3,4,5,1,4,3,4,4,1,3,5,1,1,Yes,0,50,48,51,3.71,3.57,1.43,Yes,IBM,18.4,0.93
S0450,University B,CSE-DS,8,Male,24,8.69,3,5,1,1,3,1,1,1,3,1,3,3,5,4,No,5,60,99,53,1.57,2.71,2.29,Yes,Infosys,12.25,0.95
S0451,University B,CSE,8,Male,23,9.41,4,4,1,5,5,2,5,4,4,3,3,4,2,1,No,6,68,85,50,3.71,3.29,1.71,Yes,Accenture,8.8,1.0
S0452,University B,CSE-DS,8,Female,23,5.77,1,2,4,4,2,4,1,3,2,5,5,5,3,3,No,5,59,94,77,2.71,3.43,1.57,Yes,Wipro,5.08,0.9
S0453,University D,IT,8,Female,22,9.32,5,2,4,2,1,3,4,2,3,5,1,2,4,1,Yes,1,51,97,74,3.0,3.14,1.86,Yes,TCS,6.31,1.0
S0454,University B,CSE-DS,8,Male,23,6.02,5,1,3,4,2,2,4,5,4,5,3,1,4,3,No,0,53,81,69,3.57,3.14,1.86,Yes,IBM,14.48,0.77
S0455,University D,IT,8,Female,20,6.28,3,5,5,4,5,4,1,1,2,1,2,1,1,1,No,1,54,74,51,3.29,2.71,2.29,Yes,Microsoft,7.63,0.79
S0456,University A,CSE-AI,8,Male,22,6.47,3,4,2,2,2,3,3,5,3,1,1,2,5,5,No,5,69,94,89,2.86,2.29,2.71,Yes,Cognizant,7.08,0.82
S0457,University C,CSE-AI,8,Male,21,9.46,2,1,4,4,3,1,2,3,1,2,1,5,3,4,Yes,3,65,70,52,2.71,2.29,2.71,Yes,TCS,4.18,1.0
S0458,University D,CSE,8,Female,24,8.91,1,3,3,4,4,3,5,3,4,3,3,4,1,3,No,5,71,97,78,3.29,3.0,2.0,Yes,Microsoft,15.12,1.0
S0459,University D,CSE-AI,8,Female,22,8.7,1,2,4,2,2,3,4,1,2,5,4,3,2,1,Yes,3,90,46,62,2.43,3.0,2.0,Yes,Amazon,16.66,0.97
S0460,University D,CSE-AI,8,Female,24,9.41,4,5,4,3,3,2,1,5,5,3,5,1,4,4,No,2,57,40,76,3.14,3.86,1.14,Yes,Wipro,17.41,0.93
S0461,University A,CSE-DS,8,Male,22,7.96,2,3,4,3,1,3,1,4,1,2,3,5,1,1,No,2,50,67,67,2.57,2.86,2.14,Yes,TCS,13.4,0.91
S0462,University C,CSE-DS,8,Female,21,9.37,5,5,2,1,3,2,2,4,5,1,3,2,1,4,No,1,93,80,69,2.71,3.29,1.71,Yes,Infosys,9.84,0.98
S0463,University A,CSE-AI,8,Female,22,7.98,3,5,2,2,3,2,4,5,2,3,3,1,3,5,No,4,61,64,95,3.0,2.71,2.29,Yes,IBM,16.64,0.85
S0464,University C,CSE,8,Female,21,7.72,3,4,3,4,4,4,4,4,1,5,1,4,1,2,No,6,65,77,77,3.71,3.0,2.0,Yes,Microsoft,9.1,1.0
S0465,University A,CSE-AI,8,Male,24,7.27,1,4,5,4,1,1,1,3,1,3,5,1,3,5,No,5,71,95,48,2.29,2.86,2.14,Yes,Microsoft,5.32,0.91
S0466,University D,IT,8,Male,20,8.76,4,2,2,2,3,3,1,4,5,2,1,1,1,2,Yes,4,56,55,58,2.71,2.43,2.57,Yes,TCS,5.05,0.89
S0467,University D,CSE-DS,8,Female,20,6.82,4,2,2,5,3,5,4,5,1,4,2,1,2,2,Yes,1,82,87,89,4.0,2.29,2.71,Yes,Deloitte,11.7,0.87
S0468,University D,CSE,8,Female,21,9.72,4,3,3,4,4,1,4,4,4,2,1,3,4,1,No,0,87,59,47,3.43,2.86,2.14,Yes,Microsoft,13.18,0.96
S0469,University C,CSE-DS,8,Female,20,7.56,4,3,1,2,3,5,5,2,3,5,4,5,1,2,Yes,2,91,86,81,3.14,3.57,1.43,Yes,Wipro,8.59,1.0
S0470,University A,CSE,8,Female,23,9.53,4,4,4,5,2,5,5,5,3,2,3,5,5,3,No,0,52,41,99,4.29,3.57,1.43,Yes,Accenture,14.49,0.98
S0471,University A,IT,8,Female,21,6.92,2,2,1,2,4,4,1,1,5,3,1,1,1,4,No,4,90,93,46,2.14,2.14,2.86,Yes,Cognizant,17.35,0.78
S0472,University B,CSE,8,Female,23,9.85,5,5,2,2,3,4,4,3,2,2,2,4,5,2,Yes,4,51,80,87,3.29,3.14,1.86,Yes,TCS,4.94,1.0
S0473,University A,CSE-AI,8,Female,20,8.0,1,3,2,5,4,2,2,5,4,5,3,3,5,5,Yes,6,54,68,72,3.0,3.0,2.0,Yes,Infosys,12.88,0.94
S0474,University C,IT,8,Male,24,6.02,2,1,5,5,3,1,2,3,3,4,3,1,2,3,Yes,4,86,55,99,3.0,2.71,2.29,Yes,Microsoft,11.27,0.83
S0475,University A,CSE-DS,8,Male,23,8.57,1,5,4,3,1,1,3,4,3,2,3,1,2,2,No,6,92,98,48,2.43,2.71,2.29,Yes,Infosys,7.03,0.98
S0476,University A,CSE-AI,8,Female,20,8.13,5,1,5,4,2,3,1,1,1,4,5,2,3,4,No,2,100,94,59,3.0,3.29,1.71,Yes,TCS,3.82,1.0
S0477,University A,CSE-AI,8,Female,24,7.93,1,4,4,2,4,4,5,2,1,4,1,5,3,3,Yes,2,77,98,48,3.14,2.86,2.14,Yes,Infosys,7.07,1.0
S0478,University A,CSE-DS,8,Male,23,8.0,1,2,1,1,1,2,4,2,3,1,3,3,5,2,No,1,88,65,75,1.71,2.0,3.0,Yes,Infosys,13.36,0.75
S0479,University B,CSE-AI,8,Male,22,8.6,3,2,4,3,3,5,3,2,5,3,3,5,5,1,Yes,2,76,85,84,3.29,3.57,1.43,Yes,Infosys,10.79,1.0
S0480,University D,CSE,8,Female,23,8.76,2,1,3,2,1,2,4,4,1,1,4,1,3,3,No,2,55,43,62,2.57,1.86,3.14,Yes,IBM,16.32,0.74
S0481,University D,IT,8,Male,20,7.45,2,2,4,2,4,5,1,3,1,5,3,1,5,3,No,6,98,77,58,3.0,2.57,2.43,Yes,Cognizant,14.86,0.91
S0482,University C,CSE-DS,8,Female,20,7.93,3,5,4,4,5,5,5,3,2,4,4,2,2,1,No,6,93,100,62,4.14,3.43,1.57,Yes,Accenture,4.78,1.0
S0483,University B,IT,8,Male,24,8.21,3,3,3,5,1,1,3,5,3,3,2,4,4,1,No,0,79,42,67,3.0,3.0,2.0,Yes,Amazon,10.7,0.87
S0484,University B,IT,8,Female,20,9.63,3,5,5,3,1,4,2,3,3,3,4,2,2,2,Yes,6,89,81,48,3.0,3.57,1.43,Yes,TCS,6.99,1.0
S0485,University B,CSE-DS,8,Female,23,7.93,2,1,3,3,1,3,5,1,5,2,3,1,1,5,No,0,82,44,60,2.57,2.43,2.57,No,,0.0,0.72
S0486,University A,CSE-AI,8,Female,24,5.81,4,3,2,1,3,5,3,3,4,3,4,3,5,1,Yes,2,52,58,54,3.0,3.29,1.71,Yes,TCS,17.18,0.81
S0487,University D,IT,8,Female,22,8.65,5,5,3,2,4,5,1,2,4,1,1,2,5,5,No,4,96,47,99,3.14,3.0,2.0,Yes,TCS,16.68,0.94
S0488,University B,IT,8,Female,21,6.36,5,3,2,3,2,3,2,4,3,1,2,4,4,3,Yes,2,85,72,49,3.0,2.86,2.14,Yes,Deloitte,17.22,0.9
S0489,University B,IT,8,Male,21,8.01,2,5,2,4,5,2,5,3,3,3,3,1,1,4,No,4,59,76,76,3.29,2.71,2.29,Yes,Accenture,12.99,0.85
S0490,University A,CSE-DS,8,Female,24,6.03,3,5,4,1,2,1,4,1,2,1,2,5,5,4,No,2,58,65,89,2.29,3.14,1.86,Yes,Capgemini,11.85,0.85
S0491,University D,CSE-DS,8,Female,21,8.18,1,1,1,3,4,4,4,4,3,4,2,2,5,5,Yes,1,50,77,82,3.0,2.0,3.0,Yes,Deloitte,9.05,0.82
S0492,University A,CSE-AI,8,Female,24,7.74,5,3,1,2,3,4,3,1,5,5,5,5,5,4,No,2,74,60,93,2.71,4.14,0.86,Yes,Wipro,6.18,0.94
S0493,University A,CSE-AI,8,Male,20,6.72,5,3,1,3,3,2,1,3,3,4,4,2,2,3,No,4,98,46,59,2.57,3.14,1.86,Yes,Wipro,13.5,0.81
S0494,University D,IT,8,Female,22,8.13,1,5,5,2,1,4,1,3,2,3,5,4,4,5,Yes,6,79,58,52,2.43,3.57,1.43,Yes,Infosys,14.24,1.0
S0495,University C,CSE-AI,8,Male,20,5.88,2,3,1,3,1,2,1,3,2,5,3,3,4,5,Yes,5,94,60,47,1.86,2.71,2.29,Yes,Amazon,10.0,0.84
S0496,University B,CSE,8,Female,22,6.58,5,4,2,2,3,4,2,4,2,4,3,2,2,1,Yes,0,77,44,76,3.14,3.14,1.86,Yes,Accenture,11.87,0.84
S0497,University D,IT,8,Female,21,8.2,5,2,3,4,5,2,3,2,3,4,4,4,5,3,No,2,56,54,52,3.43,3.57,1.43,Yes,Capgemini,17.94,0.93
S0498,University C,CSE-DS,8,Female,23,8.41,1,2,4,3,1,3,4,2,4,4,5,4,2,1,No,2,82,53,99,2.57,3.43,1.57,Yes,TCS,15.24,0.9
S0499,University C,CSE-AI,8,Male,20,7.22,4,4,4,3,1,3,4,2,3,1,3,4,4,2,Yes,4,63,89,85,3.0,3.29,1.71,Yes,Microsoft,5.15,1.0
S0500,University B,CSE,8,Male,20,9.03,1,3,3,5,1,1,5,2,3,5,2,2,5,4,Yes,2,60,98,68,2.57,2.71,2.29,Yes,Accenture,8.47,1.0
S0501,University A,CSE,8,Male,24,8.82,5,1,5,4,4,1,2,3,3,1,2,2,1,3,Yes,6,100,64,86,3.43,2.71,2.29,Yes,Capgemini,9.51,1.0
S0502,University D,IT,8,Female,23,8.68,4,1,1,5,5,2,1,5,4,2,5,3,3,4,Yes,2,67,69,57,3.29,2.86,2.14,Yes,Microsoft,5.0,0.91
S0503,University D,CSE-DS,8,Female,24,5.91,4,5,3,4,3,5,5,2,4,1,4,4,3,5,Yes,3,64,76,46,3.71,3.57,1.43,Yes,Accenture,9.46,0.91
S0504,University D,CSE-DS,8,Female,22,5.98,3,3,2,1,1,5,2,2,4,5,2,1,2,4,No,4,96,93,81,2.29,2.86,2.14,Yes,TCS,14.91,0.83
S0505,University A,IT,8,Male,23,8.76,2,1,3,5,5,4,1,3,2,5,4,5,4,3,Yes,2,79,85,75,3.29,3.14,1.86,Yes,Infosys,11.22,1.0
S0506,University D,CSE-DS,8,Female,24,6.06,1,2,5,1,2,2,4,1,1,4,4,2,5,4,Yes,5,85,66,70,2.29,2.71,2.29,Yes,Infosys,3.64,0.88
S0507,University D,CSE,8,Female,23,6.92,3,5,2,2,3,5,2,5,3,5,5,3,4,4,Yes,2,97,86,99,3.14,3.71,1.29,Yes,Wipro,17.42,0.98
S0508,University A,CSE-AI,8,Female,22,6.29,4,1,1,3,2,2,1,5,4,3,1,1,5,4,Yes,0,72,80,80,2.57,2.14,2.86,Yes,Cognizant,16.75,0.76
S0509,University D,CSE-DS,8,Female,24,9.11,4,5,3,3,5,4,3,5,5,2,1,5,2,1,Yes,2,61,56,81,3.86,3.57,1.43,Yes,Amazon,5.03,1.0
S0510,University C,CSE-DS,8,Male,21,8.44,4,2,2,1,2,2,1,5,2,2,2,4,1,3,Yes,0,58,72,96,2.43,2.57,2.43,Yes,Deloitte,10.1,0.94
S0511,University D,CSE-DS,8,Male,20,7.96,4,4,4,3,3,5,3,5,1,5,2,2,3,2,No,4,78,71,89,3.86,3.14,1.86,Yes,Infosys,15.33,0.99
S0512,University C,CSE,8,Female,20,9.31,4,3,4,2,5,5,2,4,3,2,1,2,4,3,Yes,0,87,59,66,3.71,2.71,2.29,Yes,Cognizant,4.91,1.0
S0513,University B,CSE-AI,8,Male,23,8.35,4,4,1,3,3,1,5,1,4,5,4,4,2,4,Yes,0,73,41,84,2.57,3.71,1.29,Yes,Wipro,16.91,0.94
S0514,University A,CSE-AI,8,Male,22,9.17,1,1,4,1,3,1,5,3,2,5,1,3,3,2,No,4,50,100,87,2.57,2.43,2.57,Yes,TCS,9.55,1.0
S0515,University A,CSE,8,Male,21,5.87,4,1,3,5,2,5,4,2,1,3,3,5,3,1,No,3,86,93,89,3.57,2.86,2.14,Yes,Deloitte,4.79,0.89
S0516,University C,IT,8,Male,21,8.71,2,3,5,1,2,1,2,3,4,1,2,3,2,2,No,0,74,85,63,2.29,2.86,2.14,Yes,Wipro,6.17,0.94
S0517,University D,CSE-DS,8,Female,21,6.7,2,2,3,3,4,3,1,4,3,5,3,3,5,4,Yes,0,87,64,54,2.86,3.0,2.0,Yes,Accenture,11.57,0.87
S0518,University A,CSE-DS,8,Male,22,7.01,5,5,3,1,5,2,3,2,4,3,1,1,5,2,No,1,79,77,65,3.0,3.14,1.86,Yes,IBM,9.08,0.87
S0519,University D,IT,8,Male,22,9.33,1,2,4,4,3,3,1,2,3,3,2,4,5,2,Yes,3,89,69,82,2.57,2.71,2.29,Yes,IBM,12.14,1.0
S0520,University B,CSE-AI,8,Male,22,8.68,5,3,4,4,3,1,2,5,1,4,4,3,5,4,Yes,1,82,50,64,3.43,3.43,1.57,Yes,Amazon,16.8,1.0
S0521,University B,CSE-AI,8,Female,20,8.97,1,1,3,2,3,4,4,2,4,1,2,2,2,3,No,0,61,55,99,2.71,2.0,3.0,Yes,Infosys,6.55,0.77
S0522,University D,CSE,8,Female,23,7.6,3,1,4,5,4,2,4,4,4,2,1,4,2,3,Yes,3,99,60,63,3.71,2.71,2.29,Yes,IBM,15.8,0.95
S0523,University C,IT,8,Male,22,8.45,5,1,2,5,2,2,3,3,3,5,1,5,5,4,Yes,5,64,48,76,3.14,3.14,1.86,Yes,Accenture,6.32,1.0
S0524,University A,CSE-AI,8,Female,21,7.19,2,4,2,3,3,4,4,1,3,4,2,2,4,5,Yes,3,55,62,88,2.71,2.71,2.29,Yes,IBM,14.49,0.86
S0525,University A,CSE-AI,8,Female,24,8.03,4,4,1,4,4,4,1,3,4,3,1,5,4,5,No,6,80,85,66,3.0,3.14,1.86,Yes,Cognizant,16.16,1.0
S0526,University C,CSE-DS,8,Female,22,8.84,1,2,1,3,5,3,2,5,5,4,4,1,4,3,Yes,0,81,69,68,2.86,2.57,2.43,Yes,Microsoft,4.25,0.84
S0527,University A,CSE,8,Male,21,8.47,1,5,3,2,3,3,4,1,4,3,3,1,5,1,No,5,52,74,92,2.43,2.86,2.14,Yes,Wipro,9.44,0.88
S0528,University A,CSE-DS,8,Female,23,8.28,4,3,3,4,5,2,5,5,4,1,1,3,3,1,Yes,4,96,80,96,4.0,2.71,2.29,Yes,IBM,16.73,1.0
S0529,University B,CSE-DS,8,Male,24,7.26,2,3,1,4,1,2,5,3,3,5,5,5,2,1,No,4,80,53,93,2.57,3.43,1.57,Yes,Capgemini,17.53,0.87
S0530,University C,IT,8,Female,24,7.25,2,3,3,1,4,2,1,4,2,3,3,4,5,3,Yes,1,64,41,90,2.43,2.86,2.14,Yes,Infosys,8.37,0.86
S0531,University A,IT,8,Female,20,6.95,4,4,5,1,3,3,3,3,4,2,4,4,2,5,Yes,5,74,56,70,3.14,3.86,1.14,Yes,Microsoft,3.98,1.0
S0532,University D,CSE-AI,8,Female,24,6.41,5,3,3,3,3,4,4,1,2,5,5,2,5,3,No,3,98,41,93,3.29,3.57,1.43,Yes,Amazon,18.1,0.84
S0533,University A,CSE-DS,8,Female,21,6.08,5,1,1,4,2,2,1,5,3,2,2,4,5,4,No,6,63,66,83,2.86,2.57,2.43,Yes,Cognizant,7.68,0.8
S0534,University B,CSE-AI,8,Male,24,9.28,4,4,3,4,2,2,4,3,1,5,3,4,2,1,No,4,91,66,71,3.14,3.43,1.57,Yes,TCS,9.65,1.0
S0535,University B,IT,8,Male,22,8.01,4,1,3,5,2,2,5,4,1,3,1,5,4,5,Yes,6,60,69,68,3.57,2.57,2.43,Yes,Accenture,14.35,1.0
S0536,University A,CSE,8,Male,23,6.08,1,1,2,5,4,4,2,5,4,2,2,4,5,1,No,6,60,55,74,3.29,2.29,2.71,No,,0.0,0.72
S0537,University D,IT,8,Male,20,9.32,4,4,1,4,3,5,1,5,5,1,4,4,1,3,No,6,96,89,47,3.29,3.29,1.71,Yes,Amazon,8.95,1.0
S0538,University C,CSE-DS,8,Female,22,6.14,3,5,1,2,3,4,3,2,2,4,2,3,1,3,Yes,3,95,71,93,2.57,2.86,2.14,Yes,Capgemini,7.17,0.89
S0539,University D,CSE-DS,8,Male,21,8.96,3,5,3,5,1,2,2,5,3,1,2,3,5,3,No,2,95,50,81,3.0,2.86,2.14,Yes,Deloitte,13.01,0.93
S0540,University C,CSE-DS,8,Female,23,6.14,3,4,3,2,1,2,5,3,2,5,1,3,3,5,No,3,89,97,55,2.71,3.0,2.0,Yes,Wipro,18.09,0.92
S0541,University B,CSE-AI,8,Female,20,8.35,5,4,2,4,4,1,1,3,2,3,2,2,2,3,Yes,5,62,62,76,2.86,2.86,2.14,Yes,TCS,10.39,0.99
S0542,University B,IT,8,Male,20,7.25,1,3,5,1,3,5,5,5,1,1,4,5,5,2,Yes,2,97,51,89,3.57,2.86,2.14,Yes,Accenture,17.55,0.93
S0543,University B,IT,8,Male,23,9.81,3,5,3,1,2,1,2,5,3,1,2,2,2,5,No,3,56,74,95,2.43,2.71,2.29,Yes,Infosys,4.27,0.97
S0544,University C,IT,8,Female,23,5.87,2,1,5,5,2,5,4,3,5,1,5,4,1,4,Yes,4,90,79,93,3.71,3.29,1.71,Yes,TCS,10.34,0.89
S0545,University D,IT,8,Male,21,8.28,3,5,4,5,3,3,3,5,2,3,3,5,5,3,No,0,98,100,56,3.71,3.57,1.43,Yes,Cognizant,10.81,1.0
S0546,University B,CSE-AI,8,Female,21,5.79,4,3,1,4,3,5,2,2,1,2,2,3,5,3,No,6,83,70,51,3.0,2.29,2.71,Yes,Microsoft,13.77,0.79
S0547,University D,CSE-DS,8,Female,24,6.34,4,2,2,5,2,3,5,4,5,4,3,2,3,4,No,2,59,59,66,3.57,3.14,1.86,Yes,Cognizant,14.4,0.75
S0548,University B,CSE-AI,8,Female,22,7.23,4,1,4,1,4,3,2,4,3,1,2,2,3,3,No,0,70,67,95,3.14,2.43,2.57,Yes,Amazon,9.24,0.79
S0549,University D,CSE-DS,8,Male,23,5.97,2,2,3,4,5,4,1,4,4,2,3,5,5,4,Yes,0,53,80,66,3.29,3.0,2.0,Yes,Cognizant,7.64,0.84
S0550,University A,CSE-DS,8,Female,23,6.09,1,3,4,2,2,5,3,5,2,5,1,4,2,3,No,4,83,92,63,3.14,2.86,2.14,Yes,Wipro,13.84,0.91
S0551,University A,CSE-DS,8,Male,24,8.79,2,2,3,4,2,4,3,3,2,3,3,5,1,2,Yes,5,76,67,70,3.0,2.86,2.14,Yes,TCS,15.59,1.0
S0552,University B,CSE,8,Female,22,7.42,1,5,3,5,4,3,5,3,1,1,5,1,5,1,Yes,6,82,94,99,3.43,2.43,2.57,Yes,Deloitte,4.82,0.93
S0553,University B,CSE-DS,8,Female,21,7.55,2,3,1,2,5,3,4,5,4,1,4,5,3,1,No,0,50,54,65,3.14,2.86,2.14,Yes,Capgemini,9.91,0.76
S0554,University B,CSE-AI,8,Female,21,8.89,5,3,5,2,2,2,2,3,2,1,1,5,5,1,Yes,4,72,44,65,3.0,3.14,1.86,Yes,Accenture,16.56,1.0
S0555,University A,CSE,8,Male,24,7.37,3,2,2,3,1,2,4,1,4,1,4,2,4,1,No,3,75,52,58,2.29,2.57,2.43,Yes,Microsoft,15.06,0.75
S0556,University A,IT,8,Female,23,9.52,5,1,2,2,1,4,5,3,3,4,2,2,1,5,No,3,66,72,52,3.14,2.71,2.29,Yes,TCS,17.67,0.96
S0557,University B,CSE-AI,8,Female,20,9.73,1,3,3,3,1,4,3,2,1,4,4,1,3,3,Yes,1,65,51,81,2.43,2.43,2.57,Yes,Amazon,3.64,0.92
S0558,University C,CSE-DS,8,Male,20,5.77,2,3,3,5,4,2,4,2,2,5,2,2,3,1,Yes,0,81,53,64,3.14,2.71,2.29,Yes,Cognizant,9.55,0.79
S0559,University D,IT,8,Male,24,6.96,4,1,2,4,1,5,4,5,5,2,2,1,1,3,Yes,0,76,44,52,3.57,2.43,2.57,Yes,Deloitte,18.03,0.74
S0560,University B,CSE,8,Male,23,9.06,1,3,4,4,3,2,3,5,3,5,1,4,4,5,Yes,1,64,72,53,3.14,3.0,2.0,Yes,Wipro,15.58,1.0
S0561,University D,CSE,8,Male,21,6.74,5,1,2,2,3,2,3,3,4,5,5,5,5,3,Yes,2,77,63,87,2.86,3.86,1.14,Yes,TCS,5.68,0.95
S0562,University C,CSE-DS,8,Male,22,5.56,1,2,2,4,3,1,5,4,4,3,2,5,4,4,Yes,3,89,56,79,2.86,2.71,2.29,Yes,Capgemini,10.1,0.8
S0563,University C,CSE-DS,8,Female,23,7.0,4,5,4,1,3,5,3,1,3,4,1,5,2,1,Yes,3,57,47,80,3.0,3.71,1.29,Yes,Wipro,14.19,1.0
S0564,University B,CSE-DS,8,Male,20,7.93,1,5,2,4,5,2,2,2,1,2,3,5,5,2,Yes,6,84,63,79,2.57,2.71,2.29,Yes,Amazon,6.96,0.99
S0565,University A,CSE-DS,8,Female,21,8.49,5,2,2,5,5,4,2,3,1,4,3,4,5,4,No,3,70,48,91,3.71,3.0,2.0,Yes,TCS,17.57,0.93
S0566,University B,IT,8,Male,24,9.56,5,5,1,1,4,2,2,4,2,2,4,2,4,4,Yes,1,72,44,59,2.71,3.0,2.0,Yes,Capgemini,17.95,0.96
S0567,University D,CSE-AI,8,Male,22,9.66,2,2,4,2,3,3,1,1,5,3,5,1,5,4,Yes,5,78,59,97,2.29,3.14,1.86,Yes,Microsoft,5.37,0.99
S0568,University D,CSE,8,Male,22,9.35,1,4,3,1,4,4,5,2,4,3,2,5,1,1,No,1,92,71,98,2.86,3.14,1.86,Yes,IBM,14.02,1.0
S0569,University D,IT,8,Male,24,9.21,3,3,5,3,4,3,3,1,1,1,4,2,5,4,Yes,4,77,82,62,3.14,2.71,2.29,Yes,Deloitte,5.06,1.0
S0570,University B,CSE-AI,8,Male,22,5.97,1,5,1,1,2,3,5,5,4,4,1,3,4,4,Yes,3,90,87,94,2.57,2.71,2.29,Yes,TCS,9.98,0.86
S0571,University D,CSE-DS,8,Male,23,5.93,4,1,4,3,3,3,3,2,3,4,1,3,4,3,Yes,1,85,89,100,3.14,2.86,2.14,Yes,Cognizant,11.71,0.92
S0572,University D,CSE-DS,8,Male,21,9.27,3,3,5,5,2,3,3,1,1,4,3,5,4,2,No,1,66,94,90,3.14,3.43,1.57,Yes,Cognizant,10.78,1.0
S0573,University B,CSE-DS,8,Female,23,6.92,1,2,5,3,5,5,3,5,5,2,4,5,1,2,Yes,0,95,78,87,3.86,3.43,1.57,Yes,Capgemini,9.57,0.94
S0574,University B,IT,8,Male,21,6.09,4,1,3,5,5,1,3,2,4,1,2,5,2,3,Yes,3,64,93,89,3.29,2.86,2.14,Yes,Accenture,18.25,0.92
S0575,University C,IT,8,Female,22,5.55,2,1,5,4,4,4,5,5,5,2,4,2,5,5,No,5,86,96,69,4.14,3.0,2.0,Yes,Cognizant,14.7,0.82
S0576,University B,IT,8,Female,24,9.46,2,3,5,3,1,2,3,2,5,5,2,1,5,4,No,0,88,54,91,2.57,3.29,1.71,Yes,Amazon,8.73,0.94
S0577,University C,CSE-DS,8,Male,24,9.18,4,5,4,4,5,4,1,2,1,5,4,5,1,3,No,6,95,49,49,3.43,4.0,1.0,Yes,Infosys,13.73,1.0
S0578,University A,CSE,8,Male,24,7.66,2,4,2,4,3,5,3,3,2,5,5,4,2,5,No,6,50,79,48,3.14,3.43,1.57,Yes,Cognizant,14.18,0.94
S0579,University B,CSE,8,Female,22,7.32,2,2,2,5,2,2,1,4,1,3,1,1,4,5,No,6,76,64,89,2.57,1.71,3.29,Yes,Cognizant,10.62,0.79
S0580,University A,CSE-AI,8,Male,24,6.28,4,3,4,1,2,3,4,2,2,3,1,3,4,1,No,0,88,43,80,2.86,2.86,2.14,Yes,Cognizant,4.39,0.8
S0581,University C,CSE-AI,8,Female,21,5.56,3,4,3,1,5,5,3,1,2,2,5,4,2,5,Yes,2,56,95,88,3.0,3.29,1.71,Yes,Microsoft,17.19,0.89
S0582,University D,IT,8,Female,20,7.73,4,1,5,1,5,1,3,3,1,3,2,5,5,2,Yes,3,62,78,54,3.14,3.0,2.0,Yes,Cognizant,18.46,1.0
S0583,University D,CSE-AI,8,Female,22,8.44,1,3,2,3,2,2,4,2,4,1,3,1,4,5,Yes,6,83,45,87,2.29,2.14,2.86,Yes,Amazon,13.32,0.84
S0584,University A,CSE-AI,8,Male,22,6.1,2,3,4,4,4,4,1,4,1,4,1,3,5,4,No,2,81,90,94,3.29,2.57,2.43,Yes,TCS,7.81,0.86
S0585,University A,CSE-AI,8,Male,23,9.43,5,5,2,3,1,5,1,1,3,4,2,3,5,1,No,5,82,73,99,2.57,3.43,1.57,Yes,Cognizant,6.17,1.0
S0586,University D,CSE-AI,8,Female,23,9.68,2,3,1,2,4,2,5,5,1,1,4,2,1,3,Yes,1,92,92,98,3.0,2.0,3.0,Yes,Wipro,8.46,0.96
S0587,University A,IT,8,Male,23,5.7,2,5,2,5,3,4,5,3,2,3,4,1,4,4,No,2,62,92,94,3.43,2.71,2.29,Yes,Microsoft,10.82,0.75
S0588,University A,IT,8,Male,20,6.07,2,1,1,1,2,4,1,2,5,3,2,3,4,3,No,2,86,56,51,1.86,2.43,2.57,No,,0.0,0.69
S0589,University D,CSE,8,Male,21,7.94,4,2,2,5,1,4,4,1,1,2,1,4,2,1,Yes,1,77,79,68,3.0,2.29,2.71,Yes,Wipro,10.07,0.95
S0590,University D,CSE,8,Female,20,8.69,1,5,1,2,3,3,2,3,4,2,1,4,4,2,No,4,54,54,56,2.14,2.57,2.43,Yes,Cognizant,12.91,0.86
S0591,University A,CSE-AI,8,Male,21,9.21,5,5,3,5,2,2,5,3,1,1,1,4,5,5,Yes,4,96,50,91,3.57,2.86,2.14,Yes,Cognizant,17.49,1.0
S0592,University D,CSE-AI,8,Female,24,5.53,1,5,1,4,5,1,2,1,5,5,1,1,4,5,No,2,93,79,69,2.14,2.71,2.29,No,,0.0,0.72
S0593,University B,IT,8,Male,22,6.6,4,4,2,4,5,3,2,2,3,2,4,3,2,3,Yes,3,69,49,47,3.14,3.14,1.86,Yes,Amazon,10.4,0.85
S0594,University C,IT,8,Female,22,6.42,4,4,4,4,4,4,4,4,3,3,3,4,2,5,Yes,1,63,85,57,4.0,3.57,1.43,Yes,Microsoft,12.03,0.97
S0595,University A,CSE-AI,8,Female,24,8.33,2,4,2,4,1,5,4,3,5,4,1,2,2,3,Yes,5,74,99,78,3.0,2.86,2.14,Yes,Deloitte,9.98,1.0
S0596,University A,CSE-DS,8,Male,22,8.43,3,5,2,4,5,2,2,4,3,4,2,2,4,3,Yes,5,56,90,49,3.14,3.0,2.0,Yes,TCS,4.79,1.0
S0597,University B,IT,8,Male,24,9.6,3,2,2,2,3,1,3,5,3,5,4,4,3,2,No,2,56,91,80,2.71,3.29,1.71,Yes,Wipro,5.9,1.0
S0598,University D,CSE-AI,8,Female,20,9.51,4,2,5,5,4,3,2,1,2,4,1,1,2,4,No,3,80,50,94,3.43,2.71,2.29,Yes,Cognizant,3.8,0.97
S0599,University D,CSE,8,Female,21,9.77,5,3,3,1,3,1,2,2,5,3,4,2,1,2,No,2,95,90,95,2.43,3.57,1.43,Yes,Microsoft,4.75,1.0
S0600,University A,CSE-DS,8,Male,21,7.11,3,2,5,3,5,1,4,3,2,1,2,3,3,4,No,2,52,57,92,3.43,2.57,2.43,Yes,Deloitte,18.43,0.82
S0601,University B,CSE-DS,8,Female,24,9.34,5,1,5,1,3,4,2,4,4,4,1,3,4,3,No,6,82,94,95,3.43,3.29,1.71,Yes,Cognizant,9.87,1.0
S0602,University B,CSE,8,Male,20,6.35,3,3,1,4,1,3,5,1,1,2,1,2,1,2,No,0,59,76,96,2.57,1.86,3.14,No,,0.0,0.7
S0603,University B,CSE,8,Male,23,8.68,3,5,1,2,5,4,3,1,5,1,1,2,2,1,Yes,0,95,100,50,2.71,2.57,2.43,Yes,Accenture,3.56,0.97
S0604,University B,CSE,8,Male,21,6.91,5,2,4,2,4,5,2,4,3,5,1,4,2,5,Yes,0,61,52,61,3.71,3.43,1.57,Yes,Amazon,5.66,0.95
S0605,University A,CSE,8,Male,23,6.32,3,2,2,4,5,3,5,4,5,3,2,4,3,3,Yes,4,50,81,88,3.71,3.0,2.0,Yes,Wipro,7.28,0.88
S0606,University C,IT,8,Female,24,7.01,1,5,4,1,4,1,1,3,5,3,5,1,5,3,No,3,72,87,96,2.14,3.43,1.57,Yes,Deloitte,10.71,0.85
S0607,University B,CSE-DS,8,Female,21,9.9,2,2,5,2,1,3,4,4,4,3,4,4,4,4,Yes,1,97,88,69,3.0,3.43,1.57,Yes,TCS,9.79,1.0
S0608,University C,CSE-AI,8,Male,23,7.26,1,4,2,2,5,2,2,1,1,4,4,2,3,3,Yes,0,81,65,55,2.14,2.57,2.43,Yes,Amazon,8.05,0.84
S0609,University C,CSE-AI,8,Female,22,8.17,4,4,4,2,4,1,3,1,1,3,4,5,3,2,Yes,4,81,91,58,2.71,3.57,1.43,Yes,TCS,9.75,1.0
S0610,University B,CSE-DS,8,Female,22,8.51,4,5,1,5,2,5,3,3,3,2,3,5,4,1,Yes,3,73,66,60,3.29,3.29,1.71,Yes,Cognizant,6.64,1.0
S0611,University C,CSE,8,Female,23,7.94,5,3,2,2,3,5,2,5,5,2,2,4,5,4,Yes,2,82,96,51,3.43,3.29,1.71,Yes,Wipro,9.26,1.0
S0612,University C,IT,8,Female,24,8.15,3,1,4,4,2,3,2,3,1,4,2,2,1,3,No,6,89,70,80,3.0,2.43,2.57,Yes,Capgemini,5.69,0.94
S0613,University D,CSE,8,Female,23,9.39,2,2,5,5,1,3,1,2,5,5,3,2,4,4,Yes,2,66,53,54,2.71,3.43,1.57,Yes,TCS,7.94,1.0
S0614,University A,CSE,8,Female,24,8.91,2,4,4,5,2,5,4,3,1,3,4,3,2,5,No,2,60,77,53,3.57,3.0,2.0,Yes,TCS,8.34,0.97
S0615,University A,CSE,8,Male,21,7.6,2,3,4,5,1,4,3,4,2,3,5,1,3,3,Yes,4,53,86,90,3.29,2.86,2.14,Yes,Deloitte,14.2,0.93
S0616,University B,IT,8,Male,20,5.95,2,2,1,3,3,3,1,4,3,1,4,4,5,1,No,5,100,65,89,2.43,2.43,2.57,Yes,Infosys,5.82,0.75
S0617,University A,CSE-DS,8,Female,20,8.86,3,2,2,1,5,1,1,2,4,1,1,2,2,2,Yes,4,70,60,69,2.14,2.14,2.86,Yes,IBM,14.84,0.91
S0618,University C,CSE-DS,8,Female,24,8.45,4,5,1,1,2,5,1,2,2,5,4,1,3,1,No,4,60,65,58,2.29,3.14,1.86,Yes,TCS,5.78,0.9
S0619,University B,CSE-AI,8,Female,21,7.21,2,5,3,3,2,3,3,4,1,3,4,1,4,5,No,1,61,47,47,2.86,2.71,2.29,Yes,Infosys,9.31,0.76
S0620,University D,IT,8,Male,23,9.4,3,3,4,1,2,5,3,2,5,1,3,1,2,2,No,1,81,100,91,2.86,2.86,2.14,Yes,Cognizant,9.33,0.96
S0621,University B,CSE-AI,8,Female,22,7.61,5,3,2,1,5,1,1,1,5,1,1,3,1,3,No,3,96,76,55,2.29,2.86,2.14,Yes,Cognizant,4.96,0.9
S0622,University C,CSE-DS,8,Male,24,5.83,4,1,3,1,1,3,2,3,4,2,1,1,4,2,Yes,0,55,86,60,2.43,2.29,2.71,Yes,Microsoft,10.33,0.77
S0623,University B,CSE-DS,8,Male,22,7.61,2,2,1,4,4,1,1,4,4,4,4,2,1,5,Yes,5,54,89,62,2.43,2.71,2.29,Yes,Deloitte,14.15,0.89
S0624,University B,CSE-DS,8,Female,23,9.74,2,2,4,1,1,5,4,5,4,2,1,3,3,1,No,3,80,74,55,3.14,2.57,2.43,Yes,Cognizant,9.1,0.98
S0625,University B,CSE,8,Female,24,6.27,4,3,4,3,3,2,4,5,4,3,4,1,5,3,Yes,2,72,81,74,3.57,3.29,1.71,Yes,Amazon,10.26,0.88
S0626,University B,CSE-AI,8,Female,23,9.54,2,5,3,5,2,5,2,2,4,1,4,1,5,5,Yes,4,56,76,45,3.0,2.86,2.14,Yes,Amazon,7.32,0.98
S0627,University C,CSE-AI,8,Female,22,6.01,3,5,4,5,4,2,5,3,4,1,2,4,2,2,Yes,6,82,91,51,3.71,3.29,1.71,Yes,Infosys,10.93,0.99
S0628,University C,CSE-DS,8,Female,22,9.13,5,1,2,1,1,1,3,1,2,2,1,1,3,4,Yes,3,72,82,70,2.0,2.0,3.0,Yes,Microsoft,3.66,0.96
S0629,University C,IT,8,Male,23,6.42,4,5,5,4,5,5,1,4,1,4,3,3,1,3,No,6,74,88,79,4.0,3.57,1.43,Yes,IBM,15.05,1.0
S0630,University B,IT,8,Male,20,5.67,4,1,4,3,5,1,1,2,1,4,4,3,2,5,No,0,70,59,80,2.86,3.0,2.0,Yes,Deloitte,15.16,0.77
S0631,University B,CSE,8,Female,24,8.51,5,1,5,4,1,5,2,4,3,5,4,5,1,3,Yes,5,83,71,56,3.71,4.0,1.0,Yes,Capgemini,17.03,1.0
S0632,University A,CSE,8,Male,21,6.96,1,2,1,2,4,4,2,1,4,2,4,1,3,2,Yes,2,93,77,99,2.14,2.14,2.86,Yes,Deloitte,10.9,0.76
S0633,University A,CSE-DS,8,Female,23,6.08,5,5,1,4,4,3,4,1,5,3,5,1,4,4,Yes,2,77,75,89,3.14,3.57,1.43,Yes,Infosys,9.83,0.84
S0634,University A,CSE-AI,8,Male,21,7.27,2,2,1,1,2,1,5,2,2,4,5,3,5,3,No,0,100,82,56,2.0,2.71,2.29,Yes,Infosys,12.23,0.81
S0635,University D,IT,8,Male,20,6.82,4,1,3,1,5,1,1,5,3,5,5,1,3,2,No,1,80,91,58,2.86,3.14,1.86,Yes,Deloitte,6.33,0.84
S0636,University A,IT,8,Male,22,6.26,5,5,1,2,2,5,2,1,4,5,1,5,2,2,No,6,90,63,59,2.57,3.71,1.29,Yes,IBM,15.92,0.95
S0637,University A,CSE,8,Male,20,8.93,1,2,3,4,4,5,2,2,4,5,5,4,2,2,No,3,99,44,72,3.0,3.43,1.57,Yes,IBM,12.5,0.93
S0638,University A,CSE-DS,8,Female,22,7.13,4,3,4,3,3,5,5,3,3,4,5,4,4,5,Yes,3,71,45,89,3.86,3.86,1.14,Yes,Cognizant,10.85,0.96
S0639,University B,CSE-DS,8,Male,22,9.35,5,5,2,3,3,2,5,2,3,3,2,3,5,4,No,2,88,67,87,3.14,3.29,1.71,Yes,Microsoft,13.39,1.0
S0640,University D,CSE-DS,8,Male,22,8.64,5,3,2,4,5,5,2,1,3,2,2,5,3,2,No,2,65,65,75,3.43,3.14,1.86,Yes,Microsoft,14.26,0.96
S0641,University A,IT,8,Female,23,8.17,3,1,4,5,4,1,1,2,3,4,4,5,5,3,No,1,67,43,72,2.86,3.43,1.57,Yes,Deloitte,12.92,0.9
S0642,University A,CSE-DS,8,Female,22,6.88,2,2,1,3,1,1,1,3,1,5,5,3,2,1,No,1,52,97,87,1.71,2.71,2.29,Yes,TCS,12.0,0.81
S0643,University A,CSE-DS,8,Female,20,7.39,2,2,5,5,5,3,5,3,2,2,1,5,5,3,Yes,1,74,53,79,4.0,2.71,2.29,Yes,Wipro,12.74,0.94
S0644,University A,IT,8,Female,23,5.92,4,2,2,4,5,2,2,2,3,1,1,2,3,4,No,3,63,54,51,3.0,2.14,2.86,No,,0.0,0.69
S0645,University D,CSE-AI,8,Female,21,6.16,4,5,4,1,5,3,2,4,4,5,3,3,1,4,No,6,78,78,58,3.29,4.0,1.0,Yes,Infosys,9.09,0.97
S0646,University D,IT,8,Female,20,6.46,3,4,3,2,3,2,4,5,4,1,5,2,1,4,Yes,3,86,62,68,3.14,3.14,1.86,Yes,Deloitte,9.21,0.85
S0647,University A,CSE,8,Female,20,7.42,3,2,3,3,3,4,2,2,2,5,5,5,5,2,Yes,3,73,43,93,2.86,3.57,1.43,Yes,Wipro,6.93,0.96
S0648,University C,IT,8,Female,21,7.81,3,4,2,3,2,4,3,2,2,4,3,2,5,1,Yes,6,55,79,48,2.71,2.86,2.14,Yes,Wipro,12.09,0.97
S0649,University A,CSE,8,Female,21,6.54,2,5,1,1,1,3,2,5,1,4,5,3,2,2,Yes,1,100,40,65,2.14,3.0,2.0,Yes,Capgemini,16.33,0.82
S0650,University B,CSE,8,Female,23,6.23,4,2,2,2,5,3,5,3,4,2,4,2,1,2,Yes,5,88,88,47,3.43,2.86,2.14,Yes,IBM,4.51,0.88
S0651,University B,CSE,8,Female,22,7.83,4,4,5,5,4,5,4,5,3,5,5,4,3,5,No,1,82,94,76,4.57,4.29,0.71,Yes,TCS,5.39,1.0
S0652,University B,IT,8,Female,23,6.01,4,4,4,3,3,1,3,4,2,1,2,4,2,4,Yes,5,100,59,70,3.14,3.0,2.0,Yes,TCS,7.17,0.94
S0653,University C,IT,8,Male,23,7.26,4,3,2,4,2,4,1,2,2,1,3,3,1,3,No,3,91,95,72,2.71,2.57,2.43,Yes,Capgemini,4.67,0.89
S0654,University D,CSE-DS,8,Female,22,5.8,3,2,3,5,2,1,1,2,5,3,1,1,5,2,No,0,78,65,66,2.43,2.57,2.43,No,,0.0,0.7
S0655,University B,CSE-AI,8,Male,20,7.12,5,5,1,4,4,4,5,1,5,5,5,1,2,4,No,5,95,68,91,3.43,3.86,1.14,Yes,Capgemini,14.34,0.9
S0656,University B,CSE,8,Female,23,8.21,3,4,2,1,1,3,1,2,2,4,5,2,4,2,No,4,86,56,58,1.86,3.14,1.86,Yes,Infosys,3.51,0.89
S0657,University C,CSE-AI,8,Male,20,8.96,2,4,2,4,1,1,4,3,5,3,4,3,5,5,No,5,92,60,78,2.43,3.29,1.71,Yes,Microsoft,5.83,0.94
S0658,University C,IT,8,Female,23,7.41,3,3,5,3,4,4,1,5,3,3,1,2,5,2,Yes,1,79,97,54,3.57,2.86,2.14,Yes,Amazon,17.39,0.99
S0659,University D,IT,8,Female,24,7.99,3,1,2,2,5,4,1,3,1,4,4,4,2,4,No,0,71,100,68,2.86,2.71,2.29,Yes,Accenture,5.27,0.91
S0660,University D,CSE,8,Male,20,6.44,4,2,3,2,5,2,3,2,5,3,5,4,1,1,Yes,0,100,87,45,3.0,3.71,1.29,Yes,IBM,5.75,0.94
S0661,University B,CSE-AI,8,Female,23,5.51,2,1,2,3,3,3,5,1,1,2,3,3,1,1,Yes,0,89,40,97,2.71,2.0,3.0,No,,0.0,0.68
S0662,University C,CSE-AI,8,Female,23,5.97,5,3,5,5,1,5,3,2,1,4,5,3,2,5,Yes,3,88,54,89,3.71,3.71,1.29,Yes,IBM,7.76,0.95
S0663,University B,CSE-AI,8,Male,22,7.08,5,3,3,4,4,2,3,3,2,2,4,2,2,1,Yes,0,87,96,52,3.43,3.0,2.0,Yes,Deloitte,5.72,0.95
S0664,University D,CSE-AI,8,Female,23,8.89,3,5,2,4,4,4,1,5,5,3,2,4,1,3,Yes,3,62,62,49,3.29,3.43,1.57,Yes,Capgemini,4.23,1.0
S0665,University D,CSE-DS,8,Male,21,8.4,4,3,4,2,3,4,3,5,2,1,2,3,4,1,No,2,59,42,53,3.57,2.71,2.29,Yes,Microsoft,7.1,0.87
S0666,University B,IT,8,Male,23,7.34,1,3,3,5,3,3,1,1,4,5,2,2,2,3,No,4,75,96,78,2.43,2.86,2.14,Yes,Microsoft,18.4,0.9
S0667,University D,CSE-DS,8,Female,20,9.74,5,5,3,5,4,1,3,3,1,4,5,1,4,4,No,4,86,54,65,3.43,3.43,1.57,Yes,Accenture,16.02,1.0
S0668,University A,CSE-DS,8,Male,23,9.09,5,3,4,3,1,5,2,1,2,4,2,4,1,4,Yes,0,67,74,97,3.0,3.43,1.57,Yes,IBM,16.99,1.0
S0669,University C,CSE-AI,8,Female,22,9.85,2,5,5,3,1,2,4,5,3,2,5,2,1,4,Yes,2,91,55,75,3.14,3.43,1.57,Yes,Wipro,3.81,1.0
S0670,University B,CSE,8,Female,22,7.33,4,2,2,3,1,3,3,5,5,1,1,2,1,1,Yes,0,99,89,95,3.0,2.43,2.57,Yes,Capgemini,14.88,0.88
S0671,University A,CSE-AI,8,Male,22,6.03,5,4,5,1,4,5,3,1,3,1,3,2,4,2,No,5,51,98,84,3.43,3.29,1.71,Yes,Infosys,15.57,0.91
S0672,University D,IT,8,Female,22,6.21,5,2,4,3,1,3,4,4,1,5,4,2,2,2,No,6,87,87,89,3.43,3.29,1.71,Yes,Accenture,4.5,0.94
S0673,University A,CSE-AI,8,Female,23,8.33,2,1,1,4,2,1,5,3,1,3,3,4,1,3,No,0,58,93,51,2.57,2.14,2.86,Yes,Amazon,12.42,0.85
S0674,University C,CSE-DS,8,Female,20,7.94,5,3,1,5,1,3,2,3,5,4,3,1,1,1,No,5,58,84,61,2.86,3.14,1.86,Yes,Wipro,15.74,0.89
S0675,University A,CSE-AI,8,Male,24,9.79,3,1,4,3,3,4,1,1,3,3,2,1,2,5,Yes,2,57,46,61,2.71,2.43,2.57,Yes,Cognizant,15.02,0.94
S0676,University C,CSE,8,Male,20,9.02,2,1,3,3,5,5,1,5,5,5,3,5,3,1,No,6,52,59,71,3.43,3.43,1.57,Yes,Cognizant,4.89,0.98
S0677,University A,CSE,8,Female,21,5.91,5,1,1,4,1,4,3,4,5,1,3,2,5,5,Yes,0,71,50,56,3.14,2.57,2.43,No,,0.0,0.7
S0678,University C,CSE-DS,8,Male,23,8.71,2,2,5,2,4,1,5,3,5,2,4,5,2,1,No,1,89,82,69,3.14,3.57,1.43,Yes,Amazon,6.39,1.0
S0679,University A,CSE-AI,8,Male,20,9.78,4,5,3,3,2,5,1,4,3,5,4,1,1,4,Yes,5,66,84,53,3.14,3.57,1.43,Yes,Microsoft,12.15,1.0
S0680,University B,CSE,8,Female,22,6.52,2,1,1,4,2,2,3,1,5,1,2,1,1,4,Yes,2,63,68,54,2.14,1.86,3.14,No,,0.0,0.69
S0681,University A,IT,8,Female,21,9.8,4,5,3,4,2,2,2,4,3,2,2,4,4,3,No,0,66,40,72,3.0,3.29,1.71,Yes,TCS,10.45,0.97
S0682,University D,CSE-DS,8,Male,23,7.32,3,2,3,3,2,4,1,4,5,1,5,4,3,3,Yes,3,62,84,100,2.86,3.29,1.71,Yes,Deloitte,7.63,0.93
S0683,University A,CSE,8,Male,21,6.47,2,1,2,4,4,2,5,5,2,1,3,3,5,3,Yes,2,92,73,96,3.43,2.0,3.0,Yes,IBM,8.15,0.8
S0684,University C,IT,8,Female,22,9.45,3,2,5,5,5,5,2,4,5,1,2,1,3,5,No,4,71,40,75,4.14,2.71,2.29,Yes,Infosys,6.4,0.89
S0685,University D,CSE,8,Male,20,8.08,4,5,5,5,3,1,4,4,5,2,2,3,1,3,No,3,98,55,79,3.71,3.71,1.29,Yes,Accenture,8.5,0.99
S0686,University D,CSE,8,Female,24,7.99,2,2,4,1,2,4,4,5,1,1,5,4,2,2,Yes,1,73,46,47,3.14,2.71,2.29,Yes,Microsoft,7.35,0.89
S0687,University B,IT,8,Female,20,9.42,2,1,3,2,5,1,1,3,5,5,2,1,4,3,Yes,5,98,84,91,2.43,2.71,2.29,Yes,Deloitte,3.6,1.0
S0688,University A,CSE-AI,8,Male,21,5.89,5,2,5,3,1,4,3,3,4,5,2,1,1,5,Yes,5,67,52,56,3.43,3.43,1.57,Yes,Accenture,15.83,0.9
S0689,University A,CSE-AI,8,Female,20,6.37,3,4,1,4,2,5,2,1,1,2,3,3,4,2,Yes,6,60,70,69,2.57,2.43,2.57,Yes,Cognizant,3.61,0.86
S0690,University B,IT,8,Female,21,5.87,2,2,1,2,4,1,4,2,2,3,5,5,5,5,No,3,60,93,83,2.29,2.86,2.14,Yes,Microsoft,11.49,0.8
S0691,University A,IT,8,Female,24,8.19,4,3,3,3,5,2,1,2,4,3,4,5,4,1,Yes,6,94,48,48,2.86,3.71,1.29,Yes,Amazon,6.95,1.0
S0692,University B,CSE-AI,8,Male,23,8.63,2,1,5,2,5,2,2,2,1,5,5,5,1,2,Yes,2,83,74,50,2.86,3.43,1.57,Yes,Cognizant,7.39,1.0
S0693,University A,CSE,8,Male,20,7.66,2,2,2,1,5,2,5,4,1,4,5,1,3,4,Yes,5,67,94,66,3.0,2.43,2.57,Yes,TCS,3.95,0.91
S0694,University C,CSE-DS,8,Female,21,6.92,5,1,1,2,4,1,4,5,3,1,5,1,2,3,No,3,93,47,95,3.14,2.43,2.57,No,,0.0,0.71
S0695,University A,CSE,8,Male,20,5.87,2,5,5,5,4,3,4,5,1,2,2,3,5,5,Yes,2,74,70,47,4.0,2.86,2.14,Yes,Deloitte,11.11,0.9
S0696,University C,CSE,8,Female,22,8.41,2,4,3,3,1,3,5,3,5,2,4,4,5,1,Yes,3,59,91,62,2.86,3.43,1.57,Yes,Cognizant,11.18,1.0
S0697,University B,CSE-AI,8,Male,20,9.11,5,4,1,5,1,4,1,4,2,2,4,5,5,5,No,4,72,90,46,3.0,3.29,1.71,Yes,Amazon,15.09,1.0
S0698,University A,IT,8,Female,21,6.68,1,1,4,3,5,1,5,5,1,3,3,2,5,4,No,1,83,52,69,3.43,2.14,2.86,Yes,Accenture,14.27,0.73
S0699,University D,CSE-AI,8,Male,22,6.18,1,2,4,5,3,2,5,5,3,4,3,2,1,2,No,6,95,48,68,3.57,2.71,2.29,Yes,Amazon,14.33,0.78
S0700,University C,CSE-AI,8,Male,20,9.73,3,1,4,1,4,3,4,2,3,3,3,1,2,4,Yes,5,93,63,66,3.0,2.57,2.43,Yes,Wipro,11.65,1.0
S0701,University A,CSE-DS,8,Male,22,7.57,3,4,3,3,5,5,5,5,1,2,1,3,2,5,Yes,6,67,61,91,4.14,2.43,2.57,Yes,Deloitte,18.09,0.96
S0702,University D,IT,8,Male,24,8.52,1,3,2,2,2,2,3,2,5,3,5,3,1,4,Yes,6,59,91,51,2.0,3.14,1.86,Yes,Microsoft,4.85,0.98
S0703,University D,CSE,8,Female,24,5.71,2,2,5,1,2,4,2,2,4,3,2,1,4,1,Yes,0,98,79,93,2.57,2.71,2.29,Yes,Cognizant,11.07,0.82
S0704,University C,IT,8,Female,22,9.28,5,5,1,1,2,2,1,1,5,1,3,4,1,5,Yes,6,88,73,45,1.86,3.43,1.57,Yes,IBM,7.17,1.0
S0705,University C,CSE,8,Female,21,8.71,5,1,4,1,5,2,4,3,5,3,2,1,1,3,Yes,6,57,95,78,3.43,3.0,2.0,Yes,Microsoft,13.09,1.0
S0706,University A,CSE,8,Female,20,6.52,5,4,3,1,5,2,4,2,2,2,2,5,5,5,Yes,0,65,68,62,3.14,3.29,1.71,Yes,IBM,8.53,0.94
S0707,University A,CSE,8,Male,20,8.56,3,2,5,5,4,1,3,1,3,2,4,4,4,4,Yes,4,94,46,52,3.14,3.29,1.71,Yes,IBM,14.7,1.0
S0708,University B,IT,8,Male,23,7.79,2,3,4,4,5,1,1,4,2,4,1,3,2,1,Yes,6,63,56,66,3.0,2.71,2.29,Yes,IBM,8.84,0.97
S0709,University B,IT,8,Male,23,8.26,4,4,5,2,5,2,5,3,3,1,1,2,3,5,Yes,6,83,68,94,3.71,2.86,2.14,Yes,Capgemini,6.41,1.0
S0710,University D,CSE-DS,8,Male,23,5.7,2,3,5,1,1,1,3,4,1,5,1,5,3,5,Yes,6,68,58,81,2.43,3.14,1.86,Yes,TCS,6.23,0.97
S0711,University B,CSE-AI,8,Female,24,8.83,5,5,4,5,5,4,3,5,5,5,4,1,5,3,Yes,4,100,63,82,4.43,4.14,0.86,Yes,Microsoft,9.26,1.0
S0712,University D,CSE-AI,8,Female,20,5.95,1,5,3,5,5,2,2,2,1,2,2,3,2,4,No,4,85,100,48,2.86,2.43,2.57,Yes,TCS,9.62,0.85
S0713,University A,CSE-DS,8,Female,20,7.51,4,1,4,2,2,3,5,2,5,5,2,3,5,3,Yes,4,58,82,80,3.14,3.43,1.57,Yes,Capgemini,14.86,1.0
S0714,University A,CSE-AI,8,Male,24,9.82,5,5,4,3,1,5,2,4,5,3,5,2,4,3,Yes,6,85,64,81,3.43,4.14,0.86,Yes,IBM,9.17,1.0
S0715,University C,CSE,8,Male,21,7.62,4,1,2,2,5,3,5,3,1,3,2,3,4,5,Yes,1,87,90,94,3.43,2.29,2.71,Yes,Amazon,8.16,0.94
S0716,University A,CSE,8,Female,24,7.61,2,1,1,5,4,5,4,4,1,1,1,4,5,2,Yes,0,92,52,97,3.57,1.57,3.43,Yes,TCS,12.68,0.8
S0717,University C,CSE-AI,8,Female,22,5.75,3,1,3,5,1,3,1,4,4,2,5,2,5,4,No,5,59,43,91,2.86,2.86,2.14,No,,0.0,0.69
S0718,University D,IT,8,Male,21,5.57,4,4,4,5,3,4,2,1,4,2,4,4,2,5,Yes,2,51,75,96,3.29,3.71,1.29,Yes,Deloitte,4.88,0.9
S0719,University C,IT,8,Male,23,7.99,5,1,3,1,4,5,5,3,1,2,2,2,4,2,Yes,1,70,62,90,3.71,2.29,2.71,Yes,Accenture,17.46,0.9
S0720,University C,IT,8,Male,21,7.9,1,4,1,2,2,1,1,5,2,1,4,1,2,4,Yes,6,82,82,65,1.86,2.0,3.0,Yes,Deloitte,5.49,0.86
S0721,University B,IT,8,Male,22,6.46,1,5,3,3,3,5,1,2,5,3,1,2,4,3,Yes,6,56,67,62,2.57,2.86,2.14,Yes,TCS,7.77,0.87
S0722,University C,IT,8,Male,24,9.16,4,4,5,1,2,4,4,5,2,2,1,1,2,1,No,6,87,74,97,3.57,2.71,2.29,Yes,Accenture,6.24,1.0
S0723,University D,IT,8,Female,20,7.9,4,5,4,2,4,2,5,2,1,5,2,5,3,4,Yes,2,64,76,93,3.29,3.71,1.29,Yes,TCS,10.24,1.0
S0724,University A,IT,8,Female,20,7.5,1,4,4,2,4,5,2,1,3,1,4,5,2,1,Yes,1,64,80,67,2.71,3.14,1.86,Yes,Wipro,8.42,0.95
S0725,University C,CSE-AI,8,Female,24,8.92,5,4,1,3,4,5,2,1,5,2,1,5,2,3,No,3,98,78,47,3.0,3.29,1.71,Yes,Amazon,11.86,1.0
S0726,University A,CSE,8,Female,22,8.18,3,5,1,2,2,1,3,1,5,2,5,4,5,3,No,5,58,59,83,1.86,3.57,1.43,Yes,Microsoft,8.57,0.9
S0727,University D,CSE-DS,8,Female,20,7.49,5,5,4,1,4,1,3,2,2,5,4,4,4,4,Yes,4,99,82,56,2.86,4.14,0.86,Yes,Microsoft,3.89,1.0
S0728,University A,CSE-DS,8,Male,23,9.74,1,4,4,5,5,4,4,5,2,5,5,4,5,4,Yes,6,58,60,78,4.0,3.57,1.43,Yes,Deloitte,12.15,1.0
S0729,University C,CSE-DS,8,Female,21,8.33,2,3,1,3,1,3,4,4,5,3,4,5,1,1,Yes,1,67,97,79,2.57,3.29,1.71,Yes,Cognizant,6.14,0.99
S0730,University A,CSE-DS,8,Female,21,9.61,4,4,5,4,2,2,3,5,3,2,2,2,5,5,No,6,75,93,100,3.57,3.14,1.86,Yes,Accenture,6.83,1.0
S0731,University B,CSE,8,Female,22,6.65,3,2,5,3,4,2,3,4,2,5,2,4,5,2,Yes,2,83,78,95,3.43,3.29,1.71,Yes,Infosys,13.8,1.0
S0732,University A,CSE,8,Female,24,7.11,4,5,3,4,5,3,1,5,3,4,3,3,2,1,Yes,2,90,79,52,3.57,3.57,1.43,Yes,Amazon,16.67,1.0
S0733,University A,CSE-AI,8,Male,22,7.63,1,2,5,3,5,2,3,1,1,3,2,4,3,1,No,2,79,46,65,2.86,2.57,2.43,Yes,Accenture,15.91,0.86
S0734,University B,IT,8,Female,24,8.23,2,4,4,5,1,2,4,4,3,1,1,5,3,2,Yes,2,99,90,50,3.14,2.86,2.14,Yes,Cognizant,4.03,1.0
S0735,University D,IT,8,Male,22,7.83,1,5,5,4,5,1,5,2,4,1,3,3,2,2,No,3,60,96,53,3.29,3.14,1.86,Yes,Amazon,17.53,0.94
S0736,University C,CSE-DS,8,Male,24,9.3,5,5,4,4,5,4,3,3,2,2,4,3,5,3,No,4,90,61,91,4.0,3.57,1.43,Yes,Cognizant,12.32,1.0
S0737,University C,CSE-DS,8,Male,21,6.07,5,1,1,4,3,1,2,1,1,1,2,3,3,2,Yes,0,65,48,86,2.43,2.0,3.0,Yes,Infosys,16.66,0.73
S0738,University B,IT,8,Female,23,5.52,3,4,1,5,2,4,5,2,1,3,3,3,5,5,No,3,87,79,90,3.14,2.57,2.43,Yes,Deloitte,10.86,0.77
S0739,University B,CSE,8,Male,21,8.67,3,4,2,1,2,3,5,2,3,3,2,1,5,2,Yes,5,84,91,97,2.57,2.57,2.43,Yes,Wipro,5.09,1.0
S0740,University D,IT,8,Male,23,8.17,1,3,5,1,1,4,1,1,5,2,4,3,4,2,Yes,5,85,69,67,2.0,3.29,1.71,Yes,Wipro,3.86,1.0
S0741,University D,CSE-AI,8,Male,23,6.28,2,3,4,4,3,3,3,5,3,4,2,4,2,5,Yes,2,59,79,50,3.43,3.14,1.86,Yes,Deloitte,11.16,0.92
S0742,University B,IT,8,Male,20,5.73,2,4,1,4,2,1,4,2,2,4,2,5,5,2,Yes,2,61,51,54,2.29,2.86,2.14,Yes,Microsoft,12.15,0.81
S0743,University D,IT,8,Female,21,8.72,3,5,1,3,2,5,5,2,2,2,3,3,2,5,Yes,2,85,100,64,3.0,2.71,2.29,Yes,Infosys,7.5,1.0
S0744,University A,CSE-DS,8,Male,24,6.21,4,3,2,1,5,3,3,3,5,4,5,1,2,4,No,0,61,76,56,3.0,3.43,1.57,Yes,Wipro,10.1,0.75
S0745,University B,CSE-AI,8,Male,20,7.56,5,4,1,2,4,3,2,5,5,5,2,2,2,1,Yes,1,100,63,70,3.14,3.43,1.57,Yes,TCS,14.44,0.94
S0746,University B,CSE,8,Female,22,6.67,5,4,5,4,5,5,5,5,4,3,2,3,5,3,Yes,1,90,74,70,4.86,3.71,1.29,Yes,TCS,17.36,1.0
S0747,University C,CSE,8,Male,22,6.54,4,1,5,5,3,1,4,1,3,2,2,5,1,1,Yes,5,86,50,94,3.29,3.14,1.86,Yes,Microsoft,17.4,0.96
S0748,University B,CSE,8,Male,21,6.37,3,5,2,1,5,2,1,5,4,4,1,2,5,4,Yes,4,57,49,70,2.71,3.0,2.0,Yes,Wipro,4.23,0.84
S0749,University C,IT,8,Male,21,6.02,4,4,4,2,1,1,5,1,1,1,4,4,1,2,Yes,0,57,79,91,2.57,3.14,1.86,Yes,Wipro,3.98,0.9
S0750,University C,CSE,8,Female,24,9.57,2,1,3,5,2,4,4,3,2,5,1,2,4,3,Yes,1,98,90,63,3.29,2.29,2.71,Yes,Infosys,6.14,1.0
S0751,University B,CSE-DS,8,Male,24,6.12,3,1,5,3,2,2,5,3,4,2,1,5,2,3,No,5,74,93,95,3.29,3.0,2.0,Yes,TCS,4.49,0.93
S0752,University C,CSE,8,Male,20,7.68,1,1,2,4,1,2,3,2,4,3,5,3,5,3,No,2,98,99,53,2.14,2.71,2.29,Yes,TCS,6.68,0.86
S0753,University A,IT,8,Male,21,6.12,4,1,4,1,3,5,2,4,2,5,4,3,1,2,Yes,3,96,86,50,3.29,3.29,1.71,Yes,Microsoft,9.97,0.96
S0754,University D,CSE-DS,8,Female,22,6.06,3,5,1,3,3,3,2,1,2,3,1,2,1,1,Yes,4,73,98,70,2.29,2.43,2.57,Yes,Microsoft,17.85,0.88
S0755,University A,CSE,8,Male,20,8.24,3,4,5,3,3,3,4,2,2,3,4,1,2,3,No,3,50,47,47,3.29,3.14,1.86,Yes,Infosys,11.82,0.88
S0756,University A,CSE-AI,8,Male,20,9.05,4,5,2,1,4,4,3,1,4,2,4,5,1,5,Yes,4,56,91,91,2.71,3.71,1.29,Yes,Deloitte,13.55,1.0
S0757,University C,CSE-AI,8,Female,21,9.79,1,4,1,2,5,1,4,4,1,2,1,4,2,3,Yes,0,68,63,78,2.57,2.0,3.0,Yes,Deloitte,17.81,0.95
S0758,University A,CSE-DS,8,Male,21,6.0,2,1,1,5,4,2,3,5,5,3,4,4,4,5,No,3,51,53,52,3.14,2.86,2.14,No,,0.0,0.69
S0759,University A,CSE-DS,8,Female,24,8.17,2,4,3,4,4,4,2,1,3,5,1,5,2,2,No,0,52,43,62,2.86,3.29,1.71,Yes,IBM,9.54,0.9
S0760,University A,CSE-DS,8,Male,20,5.61,1,1,1,4,5,4,4,1,3,1,1,3,5,2,Yes,6,95,76,93,2.86,1.57,3.43,Yes,Capgemini,14.0,0.75
S0761,University D,CSE,8,Female,23,6.89,2,1,3,5,5,5,1,5,3,5,4,4,5,5,No,5,64,81,49,3.71,3.14,1.86,Yes,Microsoft,6.48,0.89
S0762,University C,CSE,8,Female,20,8.15,3,1,4,4,1,2,2,4,3,1,4,4,5,3,Yes,1,61,88,65,2.86,2.86,2.14,Yes,Accenture,10.05,0.97
S0763,University A,CSE,8,Male,22,5.79,3,2,4,2,1,2,4,1,5,4,5,2,1,1,No,0,60,82,87,2.43,3.57,1.43,Yes,Capgemini,13.39,0.78
S0764,University D,CSE-DS,8,Female,24,8.51,5,5,5,5,5,5,4,2,1,1,4,1,5,5,No,5,82,41,97,4.43,3.14,1.86,Yes,Infosys,15.81,0.95
S0765,University C,IT,8,Male,21,6.11,1,4,3,5,5,2,5,4,5,3,4,1,5,2,Yes,6,51,56,79,3.57,3.0,2.0,Yes,Deloitte,4.2,0.79
S0766,University D,CSE,8,Female,20,9.21,4,5,1,3,5,4,1,1,2,5,4,5,3,2,No,4,82,49,74,2.71,3.71,1.29,Yes,IBM,14.39,1.0
S0767,University B,CSE-DS,8,Female,22,8.09,2,1,3,1,5,4,1,3,4,1,4,5,2,2,No,2,93,97,96,2.71,2.86,2.14,Yes,Amazon,13.86,0.93
S0768,University B,CSE,8,Female,20,5.97,4,5,4,2,3,1,5,4,3,5,4,4,5,2,No,4,77,41,62,3.29,4.14,0.86,Yes,Capgemini,10.3,0.9
S0769,University A,IT,8,Male,22,6.17,3,1,4,2,2,3,5,2,4,3,5,5,2,1,Yes,2,84,65,79,3.0,3.57,1.43,Yes,Accenture,13.95,0.91
S0770,University B,CSE-AI,8,Female,20,7.24,2,5,4,5,5,1,4,1,5,1,1,3,1,2,Yes,4,98,86,60,3.14,3.0,2.0,Yes,Microsoft,8.87,0.99
S0771,University B,CSE-DS,8,Male,24,6.52,4,4,1,3,2,2,1,3,3,5,5,1,4,3,Yes,1,73,98,62,2.29,3.29,1.71,Yes,Deloitte,14.76,0.89
S0772,University A,CSE,8,Female,23,5.93,3,1,2,3,3,1,5,4,4,1,4,4,1,5,Yes,5,66,78,79,3.0,2.71,2.29,Yes,Amazon,12.1,0.83
S0773,University B,IT,8,Female,22,9.17,2,1,3,1,4,3,4,5,1,2,3,5,2,4,No,2,84,67,84,3.14,2.43,2.57,Yes,Microsoft,13.45,0.94
S0774,University D,CSE,8,Female,20,9.59,4,5,3,1,3,3,5,3,3,1,1,1,5,2,Yes,0,93,89,75,3.14,2.57,2.43,Yes,Accenture,18.42,1.0
S0775,University D,IT,8,Male,20,5.81,1,4,1,2,5,5,5,4,2,4,3,2,4,2,Yes,4,87,56,65,3.29,2.43,2.57,Yes,TCS,9.09,0.77
S0776,University C,CSE-AI,8,Male,22,5.61,5,3,2,3,5,5,3,2,1,3,4,4,3,5,No,3,81,66,48,3.57,3.14,1.86,Yes,IBM,8.4,0.83
S0777,University D,IT,8,Male,21,6.88,3,4,4,3,5,1,5,4,3,3,2,2,5,5,Yes,3,58,55,99,3.57,3.0,2.0,Yes,Capgemini,15.23,0.89
S0778,University D,IT,8,Female,22,8.89,3,3,1,1,4,3,5,5,3,2,1,1,4,2,Yes,0,61,49,63,3.14,2.0,3.0,Yes,Deloitte,6.22,0.82
S0779,University D,IT,8,Female,24,7.27,3,5,1,4,1,1,1,2,3,1,1,3,5,3,No,0,50,88,79,1.86,2.43,2.57,Yes,Deloitte,3.73,0.81
S0780,University C,CSE-AI,8,Female,22,6.06,1,2,5,5,3,4,1,3,4,2,4,3,2,4,Yes,1,96,47,55,3.14,3.0,2.0,Yes,Amazon,4.3,0.81
S0781,University C,CSE-DS,8,Female,22,6.5,3,5,4,5,1,4,5,3,2,3,3,5,2,3,Yes,0,92,75,89,3.57,3.57,1.43,Yes,Amazon,14.77,0.99
S0782,University A,IT,8,Female,23,5.71,4,3,3,3,3,4,3,2,2,1,1,2,2,2,No,2,99,74,84,3.14,2.29,2.71,Yes,Deloitte,14.98,0.77
S0783,University D,CSE-AI,8,Male,22,8.86,2,3,2,4,2,1,2,5,5,4,2,1,4,3,Yes,5,84,43,96,2.57,2.71,2.29,Yes,Microsoft,16.2,0.91
S0784,University A,IT,8,Female,23,6.95,2,1,4,5,2,3,5,5,2,3,5,2,3,2,No,0,52,94,100,3.71,2.71,2.29,Yes,Infosys,14.0,0.8
S0785,University B,IT,8,Male,20,7.72,5,1,4,3,2,3,3,3,3,3,3,4,1,5,Yes,6,84,96,68,3.29,3.29,1.71,Yes,Deloitte,13.83,1.0
S0786,University A,CSE-DS,8,Female,23,8.32,3,2,5,1,2,5,4,5,5,3,5,4,5,5,No,4,83,72,94,3.57,3.86,1.14,Yes,Microsoft,5.83,1.0
S0787,University D,CSE-AI,8,Male,21,8.05,2,4,1,3,4,2,3,4,2,1,1,5,5,4,No,1,67,48,58,2.71,2.29,2.71,Yes,Accenture,15.97,0.81
S0788,University B,CSE-AI,8,Male,20,8.0,1,2,1,5,4,1,4,2,5,2,2,5,5,1,Yes,1,59,47,47,2.57,2.57,2.43,Yes,TCS,15.74,0.83
S0789,University A,CSE-DS,8,Male,21,5.57,5,4,4,4,4,1,1,1,5,5,5,4,4,1,Yes,4,55,92,63,2.86,4.57,0.43,Yes,IBM,6.34,1.0
S0790,University A,CSE,8,Male,20,9.45,3,3,2,1,5,5,1,4,3,4,5,2,2,3,No,3,87,60,98,3.0,3.14,1.86,Yes,Infosys,13.64,0.94
S0791,University D,CSE-DS,8,Female,20,7.51,4,2,1,3,3,3,5,4,4,1,3,1,1,4,No,5,74,67,62,3.29,2.29,2.71,Yes,TCS,4.88,0.77
S0792,University B,CSE-DS,8,Male,23,8.62,2,3,1,4,5,3,1,4,5,5,3,5,4,1,Yes,2,99,75,93,2.86,3.43,1.57,Yes,IBM,6.42,1.0
S0793,University A,CSE-DS,8,Male,22,7.85,5,5,5,4,2,4,5,4,1,5,2,5,4,5,Yes,3,83,83,87,4.14,4.0,1.0,Yes,Microsoft,13.11,1.0
S0794,University B,IT,8,Male,22,9.03,4,2,3,4,1,5,4,4,1,5,2,2,1,1,Yes,3,94,88,67,3.57,2.71,2.29,Yes,Amazon,10.32,1.0
S0795,University C,IT,8,Male,20,9.8,5,1,5,3,2,1,4,3,3,5,3,1,4,4,No,2,95,45,87,3.29,3.29,1.71,Yes,Deloitte,14.72,1.0
S0796,University C,CSE-DS,8,Male,20,5.92,5,2,3,1,5,5,4,2,4,3,2,2,2,5,No,2,82,77,49,3.57,3.0,2.0,Yes,Capgemini,10.24,0.81
S0797,University A,IT,8,Male,22,9.12,3,3,3,4,1,3,4,5,2,1,5,2,2,3,No,6,50,85,81,3.29,2.71,2.29,Yes,TCS,3.77,0.95
S0798,University B,CSE-AI,8,Female,23,7.3,1,4,2,2,2,3,4,2,5,2,5,5,3,3,Yes,0,55,71,78,2.29,3.43,1.57,Yes,Amazon,13.28,0.88
S0799,University A,CSE,8,Female,21,6.56,2,4,1,4,5,3,1,4,1,1,3,5,1,1,Yes,4,73,40,84,2.86,2.43,2.57,Yes,Deloitte,6.17,0.82
S0800,University C,CSE,8,Female,24,7.38,1,3,2,4,1,5,2,2,1,1,4,1,4,5,No,5,50,40,75,2.43,1.86,3.14,No,,0.0,0.68
S0801,University B,IT,8,Male,22,8.63,3,2,2,5,5,4,4,5,5,5,2,4,3,2,No,2,80,89,52,4.0,3.29,1.71,Yes,Infosys,9.7,0.98
S0802,University D,CSE-DS,8,Male,22,9.07,1,2,1,1,3,3,1,2,3,5,5,4,2,2,Yes,3,68,53,95,1.71,3.0,2.0,Yes,Cognizant,15.36,0.94
S0803,University B,CSE-DS,8,Male,22,9.33,2,4,5,1,4,3,5,4,1,4,4,2,5,5,Yes,5,66,97,64,3.43,3.14,1.86,Yes,Amazon,17.46,1.0
S0804,University B,CSE-AI,8,Male,20,9.02,4,3,4,2,5,1,3,3,1,4,4,3,1,4,No,3,89,61,67,3.14,3.29,1.71,Yes,IBM,4.7,1.0
S0805,University B,CSE-DS,8,Female,23,8.11,5,3,3,1,1,4,3,1,5,1,2,1,1,1,No,6,82,100,69,2.57,2.86,2.14,Yes,TCS,4.92,0.96
S0806,University C,CSE,8,Male,21,8.5,1,2,2,1,4,5,3,2,3,3,1,2,1,1,Yes,1,78,97,65,2.57,2.0,3.0,Yes,Microsoft,15.27,0.92
S0807,University B,CSE-AI,8,Female,24,9.28,1,1,3,1,3,2,2,3,5,3,4,5,3,1,No,2,52,93,76,2.14,3.14,1.86,Yes,Deloitte,5.0,0.97
S0808,University A,CSE-AI,8,Female,20,7.92,3,5,3,1,2,1,1,1,4,3,5,2,3,1,Yes,5,87,47,45,1.71,3.57,1.43,Yes,Wipro,7.66,0.96
S0809,University B,CSE,8,Female,23,7.73,3,1,1,5,3,5,1,2,3,5,5,2,5,3,No,6,98,55,68,2.86,2.86,2.14,Yes,Cognizant,13.79,0.84
S0810,University D,CSE-DS,8,Male,21,5.81,1,4,4,5,5,1,1,4,5,4,5,1,1,5,No,5,78,70,61,3.0,3.43,1.57,Yes,Accenture,4.16,0.79
S0811,University A,IT,8,Male,23,8.41,5,3,3,5,3,2,1,1,4,4,4,4,2,3,No,0,63,50,85,2.86,3.86,1.14,Yes,TCS,8.72,0.94
S0812,University A,CSE,8,Male,23,6.88,2,4,2,3,1,4,5,3,2,5,1,2,5,2,Yes,6,64,59,66,2.86,2.57,2.43,Yes,Infosys,16.34,0.89
S0813,University C,CSE-DS,8,Female,22,9.19,1,3,2,1,5,5,4,5,3,2,1,2,1,1,No,3,78,54,95,3.29,2.0,3.0,Yes,TCS,5.54,0.84
S0814,University A,CSE-AI,8,Female,22,8.82,5,5,5,4,3,5,2,1,2,5,5,4,3,2,No,0,64,93,60,3.57,4.43,0.57,Yes,Wipro,9.79,1.0
S0815,University B,CSE,8,Male,20,7.06,2,1,3,4,4,1,5,2,1,4,1,1,3,2,Yes,5,98,75,45,3.0,1.86,3.14,Yes,IBM,6.21,0.88
S0816,University C,IT,8,Female,21,7.05,5,1,5,5,4,1,3,5,1,4,1,1,5,4,Yes,4,73,61,80,4.0,2.57,2.43,Yes,Microsoft,11.76,0.94
S0817,University C,CSE-DS,8,Female,20,8.6,1,4,5,5,1,1,3,2,4,5,5,2,1,5,No,4,59,72,82,2.57,3.71,1.29,Yes,Wipro,10.69,0.97
S0818,University C,CSE-DS,8,Female,22,8.39,5,2,2,4,2,1,1,2,5,2,5,3,5,2,Yes,1,92,100,54,2.43,3.43,1.57,Yes,Infosys,4.39,1.0
S0819,University B,CSE-AI,8,Female,23,8.38,2,5,1,1,4,3,5,5,2,1,2,1,2,1,Yes,0,67,99,90,3.0,2.0,3.0,Yes,Accenture,13.94,0.88
S0820,University B,IT,8,Female,23,7.08,2,1,2,3,2,1,2,5,1,4,3,1,4,3,No,1,50,83,97,2.43,2.0,3.0,Yes,Microsoft,4.36,0.74
S0821,University B,CSE,8,Male,22,7.07,5,1,5,5,2,2,1,1,2,5,1,4,1,4,No,3,88,42,100,3.0,3.29,1.71,Yes,Microsoft,17.67,0.94
S0822,University D,IT,8,Female,20,6.59,5,3,1,5,4,4,2,2,5,1,2,1,4,4,Yes,4,53,63,70,3.29,2.57,2.43,Yes,Cognizant,11.86,0.79
S0823,University B,CSE-AI,8,Female,22,7.19,4,2,1,5,5,4,3,3,1,3,5,3,3,3,Yes,3,77,65,57,3.57,2.71,2.29,Yes,Microsoft,13.77,0.88
S0824,University C,CSE-DS,8,Male,20,5.54,5,4,2,4,2,2,2,4,2,4,1,1,3,2,No,1,100,66,87,3.0,2.71,2.29,Yes,Cognizant,5.56,0.77
S0825,University B,CSE-DS,8,Female,21,8.49,5,1,5,4,5,5,1,5,4,2,2,3,1,5,No,2,64,52,80,4.29,3.14,1.86,Yes,Accenture,8.58,0.93
S0826,University D,CSE-DS,8,Female,22,9.41,1,3,5,2,2,2,3,2,1,2,1,1,3,5,No,3,51,63,91,2.43,2.0,3.0,Yes,Deloitte,7.51,0.89
S0827,University A,CSE-AI,8,Female,22,9.0,4,5,3,3,2,3,2,4,3,5,4,3,4,4,No,6,54,67,58,3.0,3.86,1.14,Yes,Wipro,17.09,1.0
S0828,University A,CSE-AI,8,Male,23,7.13,5,1,5,3,5,3,5,1,3,2,4,5,2,3,No,4,74,65,64,3.86,3.57,1.43,Yes,Wipro,16.16,0.96
S0829,University C,CSE-DS,8,Female,21,9.33,3,2,2,3,5,1,3,2,4,1,3,1,3,5,Yes,1,100,97,55,2.71,2.29,2.71,Yes,Infosys,17.61,0.96
S0830,University D,CSE,8,Female,22,8.66,1,4,5,4,2,4,2,1,1,1,5,1,4,5,No,1,59,99,52,2.71,2.57,2.43,Yes,Amazon,4.69,0.91
S0831,University B,IT,8,Female,23,6.19,3,3,2,4,5,4,3,3,4,1,1,4,2,2,Yes,5,83,66,95,3.43,2.57,2.43,Yes,Wipro,8.62,0.87
S0832,University A,CSE,8,Male,21,6.08,4,4,3,4,2,2,4,1,1,3,1,1,3,2,No,4,54,41,68,2.86,2.43,2.57,Yes,Amazon,8.38,0.74
S0833,University D,CSE-AI,8,Male,21,7.63,2,2,1,3,2,3,4,2,1,4,1,5,3,2,Yes,6,63,88,70,2.43,2.29,2.71,Yes,Infosys,11.44,0.98
S0834,University B,CSE-AI,8,Male,21,6.04,4,5,3,3,2,5,4,2,1,5,2,5,4,2,No,1,96,63,84,3.29,3.57,1.43,Yes,Accenture,8.78,0.92
S0835,University A,IT,8,Female,20,8.32,4,2,5,2,5,5,5,2,1,3,3,4,2,3,Yes,1,64,67,72,4.0,3.14,1.86,Yes,Cognizant,4.81,1.0
S0836,University B,CSE-AI,8,Male,23,9.49,5,4,1,5,2,4,5,4,1,5,2,2,4,1,Yes,0,81,47,54,3.71,2.86,2.14,Yes,Cognizant,9.45,0.99
S0837,University C,CSE-DS,8,Male,22,8.43,4,3,5,3,4,4,2,3,4,3,2,2,2,2,Yes,1,60,98,90,3.57,3.29,1.71,Yes,Infosys,11.13,1.0
S0838,University A,CSE,8,Male,22,7.96,5,2,2,2,3,4,1,4,2,5,3,2,3,1,No,1,90,90,91,3.0,3.0,2.0,Yes,Accenture,10.68,0.94
S0839,University A,CSE-DS,8,Female,21,7.25,4,3,1,2,1,4,3,2,5,3,1,5,3,2,Yes,5,54,54,94,2.43,3.14,1.86,Yes,IBM,9.28,0.93
S0840,University C,CSE-DS,8,Female,22,8.01,4,3,4,1,3,3,4,1,3,3,3,5,1,2,Yes,2,55,67,91,2.86,3.57,1.43,Yes,Infosys,7.52,1.0
S0841,University A,CSE,8,Female,20,5.57,1,5,4,5,2,5,3,4,5,4,3,2,1,4,Yes,6,58,41,61,3.43,3.43,1.57,Yes,Wipro,6.03,0.82
S0842,University D,IT,8,Female,21,6.1,1,2,3,1,2,5,2,4,5,4,4,5,5,4,No,0,86,73,75,2.57,3.43,1.57,Yes,Wipro,6.73,0.81
S0843,University C,CSE-AI,8,Male,24,5.85,5,2,2,4,4,1,4,3,5,5,5,5,4,5,No,2,65,93,85,3.29,4.14,0.86,Yes,Microsoft,17.54,0.9
S0844,University D,IT,8,Female,22,5.9,4,3,3,2,1,5,5,3,2,2,1,2,1,2,Yes,4,54,62,98,3.29,2.43,2.57,Yes,Cognizant,3.85,0.82
S0845,University C,CSE,8,Female,21,7.98,4,3,4,1,1,1,2,4,5,4,4,3,3,5,No,3,75,59,81,2.43,3.86,1.14,Yes,Deloitte,10.22,0.95
S0846,University B,IT,8,Female,20,7.2,3,4,1,3,3,1,1,4,2,3,3,2,4,2,Yes,4,97,64,62,2.29,2.57,2.43,Yes,Microsoft,11.98,0.88
S0847,University B,IT,8,Female,21,5.98,5,3,2,5,4,2,3,2,1,3,5,4,1,2,No,2,57,50,78,3.29,3.29,1.71,Yes,IBM,5.92,0.79
S0848,University B,CSE-DS,8,Female,20,9.84,3,5,3,5,5,5,5,3,5,4,3,3,4,4,Yes,2,71,88,61,4.14,3.71,1.29,Yes,Capgemini,16.62,1.0
S0849,University A,CSE-AI,8,Male,21,8.98,3,5,1,4,5,5,5,2,5,2,3,3,5,4,No,1,86,96,62,3.57,3.14,1.86,Yes,Capgemini,16.66,0.96
S0850,University A,CSE-AI,8,Male,23,5.71,3,5,4,2,5,4,2,5,5,5,5,3,1,2,Yes,0,50,97,93,3.57,4.29,0.71,Yes,Wipro,12.07,0.94
S0851,University C,IT,8,Male,21,8.85,4,3,3,5,3,2,3,4,3,3,4,5,2,2,Yes,1,50,42,64,3.43,3.57,1.43,Yes,IBM,7.67,0.99
S0852,University A,IT,8,Male,24,8.68,2,5,1,1,2,3,1,2,1,2,4,3,4,3,No,1,71,77,66,1.71,2.57,2.43,Yes,Deloitte,12.92,0.88
S0853,University B,CSE-AI,8,Male,21,8.18,1,3,3,5,3,2,3,3,4,4,2,1,1,2,No,0,63,58,56,2.86,2.57,2.43,Yes,IBM,6.36,0.78
S0854,University B,CSE-DS,8,Female,24,6.36,4,3,2,3,4,2,1,1,3,2,4,5,4,5,No,6,84,93,46,2.43,3.29,1.71,Yes,Cognizant,3.99,0.93
S0855,University B,CSE-AI,8,Female,23,9.72,2,1,4,4,3,1,4,3,2,1,3,2,3,1,Yes,1,84,90,95,3.0,2.14,2.86,Yes,TCS,16.02,1.0
S0856,University B,CSE,8,Male,21,7.22,2,4,3,2,2,2,2,5,2,5,2,1,2,1,Yes,2,75,76,51,2.57,2.71,2.29,Yes,TCS,6.73,0.91
S0857,University C,CSE-AI,8,Male,20,6.62,4,4,1,1,4,4,3,1,4,4,2,4,5,5,No,6,70,55,92,2.57,3.29,1.71,Yes,Capgemini,4.35,0.86
S0858,University A,IT,8,Male,21,9.64,2,2,5,5,3,4,2,2,1,2,3,2,1,2,No,3,54,100,96,3.29,2.43,2.57,Yes,TCS,12.22,1.0
S0859,University C,CSE,8,Female,22,8.41,2,3,1,3,1,4,4,3,5,4,1,4,4,3,No,3,56,79,95,2.57,2.86,2.14,Yes,Wipro,15.99,0.9
S0860,University B,CSE-AI,8,Female,21,8.32,2,5,4,2,4,2,3,5,1,2,2,3,5,1,No,3,75,88,79,3.14,2.71,2.29,Yes,Capgemini,7.73,0.98
S0861,University A,CSE,8,Female,20,8.26,4,5,1,2,1,2,1,1,1,1,5,4,5,1,Yes,5,72,84,80,1.71,3.0,2.0,Yes,Microsoft,9.74,1.0
S0862,University B,IT,8,Female,22,9.3,4,3,1,2,5,2,3,1,5,5,5,3,3,2,No,5,98,47,76,2.57,3.71,1.29,Yes,Wipro,5.03,0.97
S0863,University A,CSE-AI,8,Male,22,6.6,5,4,2,2,1,3,3,2,2,1,4,2,4,3,No,4,91,64,99,2.57,2.86,2.14,Yes,Accenture,17.87,0.83
S0864,University C,CSE,8,Female,21,6.8,4,1,3,5,5,4,5,5,5,3,1,3,4,1,Yes,0,73,79,88,4.43,2.86,2.14,Yes,Amazon,9.16,0.88
S0865,University C,CSE-AI,8,Male,23,8.97,4,4,3,5,2,4,4,2,2,5,3,4,2,3,Yes,3,81,70,65,3.43,3.57,1.43,Yes,Wipro,15.42,1.0
S0866,University B,CSE,8,Male,24,5.85,4,3,5,1,2,5,2,1,3,5,2,2,5,3,Yes,0,70,99,100,2.86,3.43,1.57,Yes,IBM,17.83,0.95
S0867,University C,CSE,8,Male,21,6.9,5,4,2,4,2,4,2,4,2,5,3,2,1,4,No,0,71,82,61,3.29,3.29,1.71,Yes,TCS,12.85,0.88
S0868,University C,CSE-AI,8,Female,24,8.68,2,5,1,1,3,5,5,2,2,1,1,2,2,1,Yes,6,54,63,92,2.71,2.0,3.0,Yes,Infosys,7.94,0.91
S0869,University A,IT,8,Male,24,7.34,4,4,3,1,1,5,1,5,3,3,5,5,1,4,No,2,98,48,98,2.86,3.86,1.14,Yes,TCS,16.05,0.93
S0870,University B,IT,8,Male,21,9.58,4,4,5,4,2,3,5,3,4,4,3,4,3,1,No,5,58,53,63,3.71,4.0,1.0,Yes,Infosys,13.38,1.0
S0871,University C,CSE,8,Male,24,5.83,2,1,3,1,1,3,2,5,3,5,2,1,3,4,Yes,0,80,95,84,2.43,2.43,2.57,Yes,IBM,10.2,0.81
S0872,University B,CSE,8,Male,22,8.57,1,5,1,1,2,4,4,4,1,2,1,1,1,3,Yes,5,60,74,66,2.43,1.71,3.29,Yes,IBM,6.4,0.89
S0873,University D,IT,8,Male,21,8.28,3,2,3,2,5,2,5,1,3,5,2,4,5,2,Yes,0,78,65,79,3.0,3.14,1.86,Yes,Wipro,13.96,0.99
S0874,University C,CSE,8,Male,20,6.28,5,2,5,5,4,2,2,4,4,1,5,3,1,5,No,1,75,69,51,3.86,3.57,1.43,Yes,Amazon,7.22,0.85
S0875,University D,IT,8,Female,23,6.34,5,2,2,2,5,2,1,5,5,2,3,2,4,5,Yes,4,80,60,90,3.14,3.0,2.0,Yes,TCS,17.57,0.84
S0876,University A,CSE-DS,8,Female,24,5.92,1,4,3,5,2,1,5,5,1,3,2,1,5,2,No,4,78,66,52,3.14,2.14,2.86,Yes,Amazon,10.41,0.73
S0877,University D,CSE-AI,8,Female,24,9.25,2,5,3,3,4,2,1,2,4,4,3,4,5,4,Yes,4,72,76,98,2.43,3.57,1.43,Yes,Cognizant,4.91,1.0
S0878,University D,IT,8,Female,20,7.73,5,2,3,3,2,5,3,4,1,4,3,2,5,5,Yes,3,67,80,75,3.57,2.86,2.14,Yes,Microsoft,5.64,0.98
S0879,University A,CSE-AI,8,Female,20,8.86,5,5,4,4,1,5,1,5,5,4,3,4,3,5,No,5,89,94,81,3.57,4.29,0.71,Yes,Capgemini,7.76,1.0
S0880,University D,CSE,8,Female,21,7.31,2,3,4,5,3,2,4,5,5,5,1,4,3,5,Yes,2,68,60,45,3.57,3.43,1.57,Yes,Wipro,15.39,0.96
S0881,University B,CSE,8,Male,20,6.02,1,2,4,2,4,1,4,4,3,5,5,1,1,5,Yes,2,84,93,61,2.86,3.0,2.0,Yes,Infosys,8.88,0.86
S0882,University A,CSE-DS,8,Female,23,6.95,3,5,5,2,5,5,4,3,1,5,3,4,2,1,Yes,3,100,63,45,3.86,3.71,1.29,Yes,Accenture,4.21,1.0
S0883,University A,CSE,8,Female,21,5.95,5,3,2,1,3,4,3,1,5,3,5,2,4,5,No,3,78,76,48,2.71,3.57,1.43,Yes,Deloitte,11.04,0.81
S0884,University D,CSE-DS,8,Male,22,7.32,1,1,1,2,4,3,1,1,2,3,3,3,3,2,Yes,3,80,57,87,1.86,2.0,3.0,Yes,IBM,8.64,0.8
S0885,University B,CSE-DS,8,Female,20,9.64,4,2,2,1,3,3,5,5,4,4,2,3,4,2,Yes,6,61,47,83,3.29,3.0,2.0,Yes,Accenture,3.62,1.0
S0886,University A,CSE-AI,8,Female,22,6.64,3,4,4,3,5,3,3,3,5,2,5,4,3,2,Yes,6,64,74,59,3.43,3.86,1.14,Yes,Deloitte,8.19,0.98
S0887,University B,CSE-DS,8,Female,22,8.71,2,1,2,5,1,1,2,4,2,2,1,1,4,2,Yes,5,79,71,55,2.43,1.57,3.43,Yes,Capgemini,9.88,0.89
S0888,University A,CSE-DS,8,Female,24,7.94,2,2,5,3,2,3,2,3,1,4,1,5,3,4,No,4,55,68,49,2.86,2.86,2.14,Yes,TCS,4.32,0.98
S0889,University C,IT,8,Male,22,5.91,4,4,3,3,4,2,3,2,3,2,3,4,5,3,Yes,6,100,94,74,3.0,3.29,1.71,Yes,Microsoft,5.29,1.0
S0890,University B,CSE-AI,8,Male,23,6.77,5,2,1,3,2,4,5,5,1,2,2,1,5,2,No,0,100,44,89,3.57,2.0,3.0,No,,0.0,0.7
S0891,University C,CSE-AI,8,Male,23,9.62,5,4,5,5,2,5,1,3,2,4,5,4,2,1,No,6,85,67,56,3.71,4.14,0.86,Yes,Infosys,8.24,1.0
S0892,University D,IT,8,Female,21,8.54,4,3,2,3,2,4,5,1,1,5,5,1,3,4,No,1,68,57,100,3.0,3.0,2.0,Yes,Infosys,9.22,0.86
S0893,University A,CSE,8,Male,24,8.11,4,5,1,3,2,2,4,2,5,5,5,3,4,4,No,2,53,79,82,2.57,4.0,1.0,Yes,TCS,12.13,0.93
S0894,University C,IT,8,Female,23,8.12,3,4,2,5,1,5,2,3,2,1,1,5,5,4,No,2,60,81,63,3.0,2.57,2.43,Yes,Amazon,9.35,0.92
S0895,University B,CSE-DS,8,Male,24,6.25,3,4,3,5,3,5,2,5,1,5,1,2,2,1,No,5,87,69,91,3.71,2.71,2.29,Yes,Infosys,11.58,0.87
S0896,University A,CSE-AI,8,Male,20,9.49,4,1,4,1,3,5,5,3,3,3,1,3,2,4,No,6,60,73,70,3.57,2.71,2.29,Yes,Infosys,18.23,1.0
S0897,University B,CSE,8,Female,23,6.42,5,3,4,5,1,1,5,2,5,4,5,1,3,3,Yes,6,51,87,95,3.29,3.86,1.14,Yes,Microsoft,12.76,0.96
S0898,University B,CSE-AI,8,Female,20,8.04,3,3,2,5,4,4,5,2,2,3,1,3,5,5,Yes,6,96,69,92,3.57,2.43,2.57,Yes,Cognizant,3.68,0.99
S0899,University A,CSE-DS,8,Male,24,8.78,1,1,5,2,5,1,1,2,5,2,5,4,3,2,No,2,57,55,91,2.43,3.29,1.71,Yes,Microsoft,9.9,0.89
S0900,University B,CSE-DS,8,Female,24,8.66,1,3,3,1,2,3,2,4,2,4,1,3,5,4,Yes,3,98,65,53,2.29,2.43,2.57,Yes,Infosys,17.23,0.99
S0901,University D,CSE-AI,8,Female,22,6.58,3,2,5,1,1,3,5,3,4,1,3,3,4,2,Yes,5,71,95,69,3.0,3.0,2.0,Yes,Accenture,15.81,0.96
S0902,University D,CSE,8,Female,21,8.98,1,1,4,3,2,4,5,1,2,5,2,4,4,2,No,0,60,74,83,2.86,2.71,2.29,Yes,IBM,9.83,0.93
S0903,University A,CSE-DS,8,Male,20,6.8,5,1,4,3,3,1,4,1,1,1,5,4,3,2,No,4,90,98,64,3.0,3.0,2.0,Yes,Capgemini,9.64,0.95
S0904,University B,CSE-DS,8,Male,20,6.33,5,5,1,2,4,2,1,3,2,4,4,2,4,2,Yes,2,90,56,88,2.57,3.29,1.71,Yes,Infosys,7.56,0.87
S0905,University A,CSE-AI,8,Female,24,8.03,5,1,4,4,4,3,5,1,5,2,2,5,5,3,No,6,67,95,65,3.71,3.43,1.57,Yes,Cognizant,14.82,1.0
S0906,University B,CSE,8,Female,21,8.79,4,2,4,1,4,3,2,1,4,5,5,1,1,4,No,6,96,89,98,2.71,3.57,1.43,Yes,Capgemini,4.03,1.0
S0907,University B,IT,8,Male,21,7.91,4,3,5,2,2,2,4,3,4,4,1,3,1,2,Yes,4,50,79,52,3.14,3.43,1.57,Yes,Cognizant,17.63,1.0
S0908,University A,CSE,8,Female,24,7.9,4,2,3,3,2,1,3,1,2,2,1,5,1,3,No,3,58,40,62,2.43,2.71,2.29,Yes,Infosys,14.87,0.88
S0909,University D,CSE,8,Female,21,9.19,3,1,5,2,2,3,3,2,5,1,1,5,4,5,No,0,90,99,54,2.86,3.0,2.0,Yes,Capgemini,5.66,1.0
S0910,University A,CSE,8,Male,20,8.78,3,5,4,2,2,2,3,1,4,3,2,2,3,1,No,6,94,81,88,2.43,3.29,1.71,Yes,IBM,6.71,1.0
S0911,University D,IT,8,Male,20,6.35,4,5,4,1,4,2,1,4,1,2,5,4,4,2,Yes,1,99,42,47,2.86,3.57,1.43,Yes,Accenture,12.42,0.92
S0912,University A,IT,8,Male,24,8.01,2,4,5,5,1,1,3,4,4,5,3,1,1,1,No,1,58,61,96,3.0,3.43,1.57,Yes,TCS,11.95,0.89
S0913,University C,CSE-DS,8,Female,23,7.53,2,1,4,2,2,1,1,2,5,4,5,1,5,4,Yes,5,74,71,54,2.0,3.14,1.86,Yes,TCS,6.28,0.91
S0914,University B,CSE-DS,8,Male,20,8.99,4,1,5,2,5,1,4,1,4,3,3,2,4,1,Yes,6,64,88,64,3.14,3.14,1.86,Yes,Wipro,7.9,1.0
S0915,University D,CSE-DS,8,Female,20,8.35,1,2,3,2,2,5,3,1,2,1,5,3,3,4,No,1,74,79,46,2.43,2.43,2.57,Yes,Wipro,6.62,0.84
S0916,University A,CSE-DS,8,Male,21,6.49,2,4,4,1,4,5,3,5,1,2,3,3,3,5,No,0,74,42,53,3.43,2.71,2.29,Yes,Microsoft,5.09,0.76
S0917,University C,IT,8,Female,20,9.04,5,4,3,5,5,4,3,4,5,4,5,4,2,2,No,3,53,98,45,4.14,4.29,0.71,Yes,Capgemini,11.0,1.0
S0918,University B,IT,8,Male,21,7.75,2,4,5,1,5,1,5,1,4,3,5,5,2,1,No,2,52,43,70,2.86,4.0,1.0,Yes,Amazon,12.07,0.92
S0919,University B,CSE,8,Male,21,8.96,2,3,5,3,5,4,3,4,1,5,2,1,2,5,No,2,67,67,56,3.71,2.71,2.29,Yes,TCS,5.72,0.95
S0920,University D,CSE-AI,8,Male,24,8.77,4,2,1,3,3,1,2,2,1,1,1,1,5,5,No,1,100,58,92,2.29,1.57,3.43,Yes,IBM,14.21,0.8
S0921,University D,CSE,8,Female,20,5.52,5,5,5,5,1,1,3,1,4,1,1,5,1,4,Yes,6,65,48,88,3.0,3.71,1.29,Yes,Deloitte,10.92,0.97
S0922,University B,IT,8,Male,20,7.88,3,3,5,1,5,4,4,3,4,2,1,1,1,5,No,5,64,55,72,3.57,2.71,2.29,Yes,Infosys,5.28,0.87
S0923,University C,CSE-AI,8,Female,21,7.8,1,3,1,5,5,3,3,3,5,2,5,3,2,1,Yes,5,66,91,99,3.0,2.86,2.14,Yes,Infosys,13.47,0.9
S0924,University C,CSE,8,Male,24,6.72,4,1,4,3,4,5,5,5,3,3,5,3,4,4,No,1,95,43,51,4.29,3.29,1.71,Yes,Wipro,4.38,0.81
S0925,University D,CSE-AI,8,Female,21,9.51,5,2,2,2,5,4,5,3,1,2,4,2,1,5,No,4,54,71,61,3.71,2.57,2.43,Yes,Wipro,13.83,0.94
S0926,University B,CSE-DS,8,Female,24,7.31,2,2,3,4,1,1,3,1,2,5,1,5,2,5,No,0,85,47,88,2.14,2.86,2.14,Yes,Infosys,9.78,0.86
S0927,University A,CSE,8,Male,21,5.58,4,1,1,1,4,5,2,2,1,3,4,4,1,1,Yes,1,85,55,78,2.71,2.57,2.43,Yes,Infosys,5.65,0.77
S0928,University C,IT,8,Male,22,9.83,2,5,4,1,3,1,2,1,3,5,3,1,4,4,No,6,70,54,97,2.0,3.29,1.71,Yes,Capgemini,15.08,1.0
S0929,University D,CSE-AI,8,Female,21,8.38,2,4,4,2,3,4,1,1,5,1,3,2,1,3,No,5,97,91,85,2.43,3.0,2.0,Yes,Capgemini,18.25,0.97
S0930,University C,IT,8,Male,21,7.04,4,1,4,4,5,2,2,3,1,2,4,2,4,4,Yes,4,75,94,71,3.43,2.57,2.43,Yes,IBM,14.05,0.95
S0931,University C,IT,8,Female,21,6.71,1,5,4,4,5,4,5,3,5,3,4,4,1,2,Yes,5,63,63,45,3.71,3.71,1.29,Yes,Infosys,4.05,0.94
S0932,University C,CSE-DS,8,Male,20,6.05,3,3,2,3,1,3,4,4,5,2,1,2,1,3,No,6,66,78,92,2.86,2.57,2.43,Yes,Wipro,14.77,0.78
S0933,University C,CSE-AI,8,Male,24,9.77,3,3,1,1,1,5,4,2,5,5,1,5,2,4,Yes,0,92,67,59,2.43,3.29,1.71,Yes,Cognizant,8.1,1.0
S0934,University A,CSE-AI,8,Male,20,7.77,5,4,5,1,4,4,3,1,3,1,1,1,2,1,Yes,6,73,59,57,3.29,2.86,2.14,Yes,Capgemini,13.35,0.99
S0935,University D,CSE,8,Male,20,6.02,4,1,3,5,5,4,1,2,4,2,1,5,4,1,Yes,1,60,43,89,3.43,2.86,2.14,Yes,Microsoft,6.52,0.82
S0936,University C,CSE,8,Female,20,9.05,1,1,2,3,4,1,2,1,4,1,5,4,5,4,Yes,6,97,46,85,2.0,2.57,2.43,Yes,Wipro,14.87,0.93
S0937,University D,CSE,8,Female,21,8.06,3,4,5,3,3,1,1,1,2,4,3,2,3,5,Yes,5,57,41,75,2.43,3.29,1.71,Yes,Amazon,17.34,0.98
S0938,University D,CSE-DS,8,Female,23,8.93,5,1,2,4,1,4,1,4,1,5,5,1,5,4,Yes,1,62,83,83,3.0,2.86,2.14,Yes,Microsoft,16.69,0.97
S0939,University D,CSE,8,Male,21,8.91,5,2,4,3,2,1,4,4,5,1,1,2,3,5,Yes,5,96,85,80,3.29,2.86,2.14,Yes,Cognizant,9.0,1.0
S0940,University D,IT,8,Female,20,8.37,3,2,2,2,4,2,2,1,4,5,1,4,5,4,No,6,79,56,70,2.29,3.0,2.0,Yes,TCS,13.5,0.95
S0941,University C,CSE-AI,8,Female,21,7.42,1,2,5,3,2,1,3,1,1,4,3,2,4,1,Yes,3,50,53,57,2.29,2.57,2.43,Yes,Amazon,8.96,0.88
S0942,University A,CSE-DS,8,Male,20,8.59,1,5,5,2,5,2,3,5,3,5,1,2,1,1,No,0,97,67,83,3.29,3.14,1.86,Yes,Infosys,15.64,0.96
S0943,University C,IT,8,Female,22,6.15,3,1,4,4,3,5,4,3,4,2,2,5,3,2,No,4,55,45,45,3.71,3.0,2.0,Yes,Infosys,8.39,0.8
S0944,University C,IT,8,Male,22,8.88,2,4,5,5,4,1,3,4,2,5,3,3,1,2,Yes,3,81,61,96,3.43,3.43,1.57,Yes,Accenture,4.98,1.0
S0945,University A,IT,8,Male,20,7.09,2,4,1,5,4,2,2,4,1,2,3,3,4,3,No,3,99,69,74,2.86,2.29,2.71,Yes,Cognizant,5.62,0.81
S0946,University D,CSE-DS,8,Male,22,7.53,1,5,4,1,3,4,3,4,5,2,4,1,2,1,No,2,69,54,78,2.86,3.14,1.86,Yes,Wipro,3.74,0.79
S0947,University D,IT,8,Female,22,7.71,3,4,2,4,1,2,5,2,3,3,4,5,4,2,No,1,85,73,98,2.71,3.43,1.57,Yes,TCS,8.0,0.93
S0948,University D,CSE,8,Female,20,6.1,4,4,2,2,4,1,2,3,2,5,4,4,4,2,No,4,58,53,78,2.57,3.57,1.43,Yes,Amazon,9.97,0.85
S0949,University D,IT,8,Female,20,9.01,5,5,4,5,2,2,1,3,3,2,3,1,3,1,Yes,3,62,76,71,3.14,3.29,1.71,Yes,Cognizant,14.63,1.0
S0950,University C,CSE-AI,8,Male,23,6.88,3,4,4,1,4,5,5,4,4,3,3,3,2,4,Yes,4,95,95,46,3.71,3.43,1.57,Yes,Amazon,7.12,1.0
S0951,University A,IT,8,Male,20,6.42,4,2,4,2,2,1,2,2,2,4,1,1,1,4,No,5,81,67,83,2.43,2.57,2.43,Yes,Deloitte,5.31,0.84
S0952,University B,CSE,8,Male,23,8.93,2,5,5,3,1,3,3,5,4,5,5,2,1,3,Yes,0,77,77,45,3.14,4.0,1.0,Yes,Wipro,6.61,1.0
S0953,University A,IT,8,Male,23,9.88,5,5,1,1,3,2,4,3,4,1,1,4,5,1,Yes,3,79,96,93,2.71,3.0,2.0,Yes,Accenture,3.79,1.0
S0954,University B,CSE-DS,8,Female,23,9.4,1,3,1,1,3,5,2,2,2,4,4,2,3,3,No,4,64,94,52,2.14,2.43,2.57,Yes,Deloitte,16.45,0.92
S0955,University B,IT,8,Male,23,9.81,5,1,5,2,5,1,4,3,3,1,2,3,5,5,No,0,94,78,59,3.57,2.86,2.14,Yes,Accenture,14.57,1.0
S0956,University B,CSE-DS,8,Female,21,6.29,1,2,5,1,4,2,3,1,3,5,4,1,2,4,No,3,75,81,66,2.43,3.0,2.0,Yes,Deloitte,15.86,0.82
S0957,University A,CSE,8,Male,24,8.09,3,5,5,3,1,4,1,5,5,4,3,1,4,4,No,6,76,94,100,3.14,3.71,1.29,Yes,TCS,3.83,1.0
S0958,University B,CSE-AI,8,Female,20,5.7,2,1,3,3,2,5,1,3,3,5,5,1,5,2,Yes,1,72,52,60,2.71,2.86,2.14,Yes,TCS,6.59,0.73
S0959,University B,CSE-AI,8,Female,21,5.68,3,3,3,1,1,5,2,3,3,3,1,2,4,5,No,5,100,53,84,2.57,2.57,2.43,Yes,Accenture,6.4,0.78
S0960,University D,CSE-DS,8,Male,20,7.23,2,5,4,2,1,5,1,3,5,5,2,1,2,3,No,0,60,96,82,2.57,3.43,1.57,Yes,Cognizant,4.36,0.89
S0961,University B,IT,8,Female,24,6.02,2,4,4,2,1,4,4,3,5,3,3,2,1,1,No,1,88,89,100,2.86,3.29,1.71,Yes,Infosys,7.52,0.83
S0962,University D,CSE-DS,8,Female,20,9.84,1,5,2,2,4,4,1,2,1,4,3,2,4,2,No,6,67,70,65,2.29,2.57,2.43,Yes,Amazon,5.77,0.98
S0963,University A,CSE-DS,8,Male,22,9.45,2,1,5,4,1,4,2,1,1,5,5,2,5,3,No,6,58,57,48,2.71,3.0,2.0,Yes,Infosys,6.37,0.98
S0964,University C,CSE-DS,8,Male,21,7.06,3,1,3,2,2,1,5,1,3,2,1,5,4,4,No,5,58,56,74,2.43,2.57,2.43,Yes,Wipro,12.58,0.85
S0965,University B,CSE-AI,8,Male,24,9.77,5,5,2,3,3,5,1,5,2,1,3,5,4,4,Yes,3,81,80,69,3.43,3.29,1.71,Yes,Accenture,15.94,1.0
S0966,University B,CSE-AI,8,Female,23,8.09,5,4,3,1,3,5,1,2,3,4,5,3,4,3,Yes,4,71,80,77,2.86,3.86,1.14,Yes,Cognizant,15.28,1.0
S0967,University A,IT,8,Male,24,8.63,4,2,4,2,1,5,3,4,4,2,5,2,3,3,Yes,6,99,80,100,3.29,3.29,1.71,Yes,Cognizant,8.28,1.0
S0968,University B,CSE-AI,8,Male,22,6.2,2,3,1,1,5,2,3,4,2,3,4,2,5,4,Yes,4,98,56,56,2.57,2.43,2.57,Yes,Infosys,13.19,0.79
S0969,University C,IT,8,Male,21,5.88,5,5,2,5,1,1,5,4,4,2,4,1,2,4,No,0,66,98,98,3.29,3.29,1.71,Yes,TCS,16.88,0.8
S0970,University D,CSE,8,Male,24,5.79,3,1,1,2,5,1,1,1,5,2,2,3,2,5,Yes,1,60,59,98,2.0,2.43,2.57,No,,0.0,0.71
S0971,University C,CSE-AI,8,Female,20,6.48,1,1,4,1,5,2,4,4,1,3,4,3,4,1,No,6,53,70,72,3.0,2.43,2.57,Yes,IBM,16.55,0.8
S0972,University C,CSE-DS,8,Male,23,5.56,3,2,4,2,2,3,4,1,4,4,2,2,1,2,Yes,6,76,47,45,2.71,3.0,2.0,Yes,Microsoft,13.14,0.84
S0973,University C,CSE-DS,8,Male,24,6.82,2,1,4,3,3,3,1,2,4,2,4,4,4,5,No,3,76,97,93,2.57,3.0,2.0,Yes,Accenture,3.97,0.88
S0974,University C,CSE-AI,8,Female,22,9.79,3,4,1,4,3,3,1,5,5,4,1,1,4,5,Yes,1,69,84,56,2.86,2.71,2.29,Yes,Wipro,4.12,0.99
S0975,University C,CSE-AI,8,Female,21,6.67,3,1,4,2,2,3,3,4,3,2,5,4,5,3,No,4,98,40,55,3.0,3.14,1.86,Yes,Capgemini,8.88,0.82
S0976,University B,CSE,8,Female,22,7.34,5,1,3,4,2,2,5,4,3,1,1,1,5,3,Yes,4,71,80,65,3.57,2.14,2.86,Yes,Capgemini,10.73,0.89
S0977,University C,CSE-DS,8,Male,23,6.53,5,5,1,1,5,2,4,5,1,3,4,1,3,4,No,5,56,58,59,3.29,2.86,2.14,Yes,Amazon,10.33,0.79
S0978,University A,CSE,8,Male,23,5.73,4,1,5,4,3,4,3,4,4,2,4,2,4,5,Yes,2,92,59,89,3.86,3.14,1.86,Yes,Cognizant,4.81,0.84
S0979,University B,CSE-AI,8,Female,22,7.59,2,5,1,1,5,3,3,1,4,5,4,1,3,2,No,3,98,96,72,2.29,3.14,1.86,Yes,TCS,4.0,0.89
S0980,University C,CSE,8,Male,24,9.53,5,5,2,2,1,4,4,4,2,1,4,4,1,5,Yes,1,97,51,71,3.14,3.29,1.71,Yes,Deloitte,9.65,1.0
S0981,University D,IT,8,Male,22,7.49,5,4,3,2,5,3,5,1,4,4,2,5,4,2,No,5,60,84,77,3.43,3.86,1.14,Yes,Amazon,13.9,1.0
S0982,University B,CSE,8,Male,23,9.01,3,1,3,5,2,2,1,4,1,3,5,4,1,5,No,5,96,68,46,2.86,2.86,2.14,Yes,Accenture,9.61,0.99
S0983,University B,IT,8,Male,23,8.86,5,1,4,2,5,5,2,5,5,1,5,5,2,4,Yes,4,59,66,89,4.0,3.71,1.29,Yes,Accenture,8.34,1.0
S0984,University A,CSE,8,Female,22,8.75,1,5,4,3,5,3,2,4,5,3,2,1,2,5,Yes,0,93,89,60,3.14,3.0,2.0,Yes,Capgemini,17.86,0.99
S0985,University B,CSE-DS,8,Male,20,8.91,5,4,4,1,4,5,2,1,5,3,5,4,2,1,No,2,88,73,55,3.14,4.29,0.71,Yes,Capgemini,17.88,1.0
S0986,University B,CSE,8,Female,20,8.57,1,4,5,1,4,4,5,1,4,4,3,2,1,3,Yes,0,74,81,99,3.0,3.29,1.71,Yes,Microsoft,7.29,1.0
S0987,University D,CSE-AI,8,Female,21,6.38,4,1,1,4,1,5,2,4,3,1,4,1,2,1,Yes,4,90,97,100,3.0,2.14,2.86,Yes,Infosys,17.91,0.82
S0988,University A,CSE,8,Female,24,7.83,5,4,5,2,3,3,5,3,1,1,4,2,5,5,No,4,61,81,86,3.71,3.14,1.86,Yes,Capgemini,10.5,0.97
S0989,University B,IT,8,Male,22,5.51,5,1,5,4,1,2,4,4,4,2,1,5,1,5,Yes,6,51,55,84,3.57,3.29,1.71,Yes,TCS,5.3,0.93
S0990,University A,CSE,8,Male,21,6.73,2,3,5,4,2,3,3,5,4,1,1,2,1,3,Yes,2,60,82,68,3.43,2.57,2.43,Yes,Microsoft,6.72,0.88
S0991,University A,CSE-DS,8,Female,21,7.52,2,1,2,5,3,5,4,4,1,2,5,4,4,1,Yes,6,68,55,69,3.57,2.43,2.57,Yes,Capgemini,8.27,0.88
S0992,University B,CSE-DS,8,Female,23,8.57,4,3,5,1,5,4,3,3,1,2,4,3,5,5,Yes,0,72,95,90,3.57,3.14,1.86,Yes,Deloitte,12.05,1.0
S0993,University B,CSE-AI,8,Male,22,7.31,2,2,2,4,1,4,4,4,5,5,5,4,3,5,Yes,1,73,77,64,3.0,3.57,1.43,Yes,Deloitte,12.0,0.92
S0994,University B,CSE-AI,8,Male,22,6.32,5,4,2,2,4,5,5,2,1,4,4,4,1,4,No,1,62,97,67,3.57,3.43,1.57,Yes,Microsoft,9.15,0.91
S0995,University B,CSE,8,Female,21,8.81,4,4,5,5,4,4,4,5,2,3,4,1,3,1,Yes,2,83,51,48,4.43,3.29,1.71,Yes,Capgemini,11.35,1.0
S0996,University B,CSE,8,Female,24,8.15,2,5,1,2,2,4,1,1,1,1,3,3,1,4,No,1,89,86,92,1.86,2.29,2.71,Yes,Capgemini,17.66,0.86
S0997,University B,CSE-DS,8,Male,22,5.81,3,1,1,2,5,5,4,3,2,5,4,2,1,5,No,5,70,93,87,3.29,2.57,2.43,Yes,Wipro,9.26,0.78
S0998,University A,CSE-DS,8,Female,24,8.23,2,1,5,2,2,3,2,1,5,4,4,4,5,1,No,4,89,65,53,2.43,3.57,1.43,Yes,Microsoft,17.23,0.97
S0999,University A,CSE-DS,8,Male,22,6.08,1,1,4,3,2,1,4,5,4,4,1,5,4,5,No,3,59,88,93,2.86,2.86,2.14,Yes,Capgemini,13.27,0.85
S1000,University A,CSE-AI,8,Female,20,7.66,1,2,3,2,1,2,4,5,3,4,1,1,1,4,No,3,62,81,55,2.57,2.14,2.86,Yes,Cognizant,4.6,0.81
